;winner
EUW1_5705411575;blue
EUW1_5707722198;red
EUW1_5707738363;blue
EUW1_5707806160;red
EUW1_5708213484;red
EUW1_5709102777;red
EUW1_5710073544;blue
EUW1_5716238056;blue
EUW1_5716289630;red
EUW1_5716504242;blue
EUW1_5716652393;blue
EUW1_5716872020;red
EUW1_5717468773;blue
EUW1_5717477109;blue
EUW1_5717612763;red
EUW1_5717624468;blue
EUW1_5717745079;blue
EUW1_5717772167;red
EUW1_5717839248;blue
EUW1_5717916852;red
EUW1_5718439477;red
EUW1_5718536489;red
EUW1_5718579600;red
EUW1_5718773107;blue
EUW1_5718773564;blue
EUW1_5718774737;red
EUW1_5718786958;blue
EUW1_5718826501;red
EUW1_5718839038;red
EUW1_5718921912;blue
EUW1_5719358890;red
EUW1_5719400134;blue
EUW1_5719414666;red
EUW1_5719445628;blue
EUW1_5719508202;blue
EUW1_5719526512;blue
EUW1_5719527418;red
EUW1_5719712257;red
EUW1_5719730168;blue
EUW1_5719932234;red
EUW1_5719984963;red
EUW1_5719997699;blue
EUW1_5720026293;red
EUW1_5720179991;blue
EUW1_5720284152;red
EUW1_5720325174;red
EUW1_5720330250;red
EUW1_5720374612;blue
EUW1_5720387878;red
EUW1_5720420076;blue
EUW1_5720441773;red
EUW1_5720502576;red
EUW1_5720504306;red
EUW1_5720515992;red
EUW1_5720638358;blue
EUW1_5721009143;blue
EUW1_5721016723;blue
EUW1_5721052373;red
EUW1_5721106682;blue
EUW1_5721138912;red
EUW1_5721162743;blue
EUW1_5721194645;red
EUW1_5721209984;blue
EUW1_5721400673;blue
EUW1_5721470137;red
EUW1_5721545221;red
EUW1_5721602022;blue
EUW1_5721626552;blue
EUW1_5721745999;blue
EUW1_5721818442;blue
EUW1_5722159129;blue
EUW1_5722207834;red
EUW1_5722225178;blue
EUW1_5722274542;red
EUW1_5722277631;red
EUW1_5722284026;blue
EUW1_5722412419;blue
EUW1_5722507486;blue
EUW1_5722583965;red
EUW1_5722622083;red
EUW1_5722625340;red
EUW1_5722655731;blue
EUW1_5722671913;red
EUW1_5722701356;blue
EUW1_5722770415;blue
EUW1_5722928631;blue
EUW1_5723014251;blue
EUW1_5723287852;red
EUW1_5723297590;blue
EUW1_5723397814;blue
EUW1_5723613656;blue
EUW1_5723619696;red
EUW1_5723885905;red
EUW1_5723887851;red
EUW1_5723891984;blue
EUW1_5723909924;blue
EUW1_5723935936;red
EUW1_5723983930;red
EUW1_5724007340;red
EUW1_5724026048;red
EUW1_5724028646;red
EUW1_5724044390;red
EUW1_5724060655;blue
EUW1_5724066689;blue
EUW1_5724071106;blue
EUW1_5724092756;red
EUW1_5724095126;blue
EUW1_5724100790;red
EUW1_5724118249;red
EUW1_5724139214;blue
EUW1_5724145137;blue
EUW1_5724202047;blue
EUW1_5724280463;red
EUW1_5724378285;red
EUW1_5724449871;blue
EUW1_5724529869;blue
EUW1_5724538007;blue
EUW1_5724545738;red
EUW1_5724600664;blue
EUW1_5724628665;red
EUW1_5724633721;red
EUW1_5724654454;red
EUW1_5724673938;blue
EUW1_5724874233;red
EUW1_5724908179;blue
EUW1_5724974902;red
EUW1_5725106607;blue
EUW1_5725248904;red
EUW1_5725319512;red
EUW1_5725411911;red
EUW1_5725417946;blue
EUW1_5725669230;red
EUW1_5725831752;blue
EUW1_5725866401;blue
EUW1_5725911013;blue
EUW1_5726106155;red
EUW1_5726171808;blue
EUW1_5726172583;red
EUW1_5726207853;blue
EUW1_5726210590;blue
EUW1_5726214826;blue
EUW1_5726247732;blue
EUW1_5726292028;red
EUW1_5726297961;blue
EUW1_5726495157;red
EUW1_5726570694;blue
EUW1_5726576070;red
EUW1_5726577295;red
EUW1_5726710420;blue
EUW1_5726716265;red
EUW1_5726733982;red
EUW1_5726739188;red
EUW1_5726811260;red
EUW1_5726877831;blue
EUW1_5726902067;blue
EUW1_5726906415;blue
EUW1_5726965522;blue
EUW1_5727053649;blue
EUW1_5727098035;red
EUW1_5727110193;red
EUW1_5727128065;blue
EUW1_5727166025;red
EUW1_5727174799;red
EUW1_5727271669;red
EUW1_5727346234;red
EUW1_5727382209;blue
EUW1_5727398923;red
EUW1_5727455716;blue
EUW1_5727467817;blue
EUW1_5727556846;red
EUW1_5727584458;red
EUW1_5727694863;red
EUW1_5727724560;blue
EUW1_5727787772;red
EUW1_5727854947;blue
EUW1_5727859538;red
EUW1_5727902126;red
EUW1_5727906362;blue
EUW1_5727961674;red
EUW1_5727975289;red
EUW1_5727983864;red
EUW1_5728017728;blue
EUW1_5728034269;blue
EUW1_5728036453;blue
EUW1_5728041524;red
EUW1_5728067411;blue
EUW1_5728079188;blue
EUW1_5728103063;blue
EUW1_5728111334;blue
EUW1_5728114130;red
EUW1_5728127507;red
EUW1_5728135821;blue
EUW1_5728136239;blue
EUW1_5728137517;blue
EUW1_5728161754;red
EUW1_5728161929;red
EUW1_5728173603;red
EUW1_5728192131;red
EUW1_5728215905;red
EUW1_5728217852;red
EUW1_5728231554;blue
EUW1_5728231924;red
EUW1_5728235932;red
EUW1_5728249833;blue
EUW1_5728251049;blue
EUW1_5728254712;blue
EUW1_5728273555;blue
EUW1_5728275945;blue
EUW1_5728304930;red
EUW1_5728305437;blue
EUW1_5728316385;red
EUW1_5728342340;red
EUW1_5728386117;red
EUW1_5728388129;blue
EUW1_5728396329;red
EUW1_5728401416;blue
EUW1_5728409822;blue
EUW1_5728412003;red
EUW1_5728413375;red
EUW1_5728477219;red
EUW1_5728500559;red
EUW1_5728504272;blue
EUW1_5728520934;red
EUW1_5728536729;blue
EUW1_5728572630;blue
EUW1_5728583810;blue
EUW1_5728607863;blue
EUW1_5728634694;red
EUW1_5728674503;red
EUW1_5728692235;blue
EUW1_5728731554;blue
EUW1_5728767562;red
EUW1_5728769729;red
EUW1_5728772564;blue
EUW1_5728803392;red
EUW1_5728807872;red
EUW1_5728836939;blue
EUW1_5728842608;red
EUW1_5728844782;red
EUW1_5728851167;blue
EUW1_5728926161;blue
EUW1_5728933576;blue
EUW1_5728937879;blue
EUW1_5728950501;blue
EUW1_5728970886;red
EUW1_5728998401;red
EUW1_5729098562;red
EUW1_5729114063;blue
EUW1_5729135455;red
EUW1_5729152044;red
EUW1_5729382507;red
EUW1_5729399360;blue
EUW1_5729426783;blue
EUW1_5729444486;red
EUW1_5729449574;red
EUW1_5729491218;red
EUW1_5729603334;red
EUW1_5729620165;red
EUW1_5729622651;blue
EUW1_5729665143;blue
EUW1_5729685551;blue
EUW1_5729691546;blue
EUW1_5729708289;red
EUW1_5729711315;blue
EUW1_5729742082;blue
EUW1_5729757958;red
EUW1_5729787195;red
EUW1_5729790773;red
EUW1_5729810435;blue
EUW1_5729836829;blue
EUW1_5729848647;red
EUW1_5729861730;red
EUW1_5729881777;red
EUW1_5729886117;blue
EUW1_5729888993;red
EUW1_5729893530;blue
EUW1_5729918463;red
EUW1_5729944713;red
EUW1_5729947964;red
EUW1_5729950860;red
EUW1_5729966021;blue
EUW1_5729975455;blue
EUW1_5729979425;blue
EUW1_5729996161;red
EUW1_5730018228;red
EUW1_5730031466;red
EUW1_5730059591;red
EUW1_5730136925;red
EUW1_5730141668;red
EUW1_5730190273;red
EUW1_5730191650;red
EUW1_5730215549;blue
EUW1_5730239867;blue
EUW1_5730254473;blue
EUW1_5730260526;blue
EUW1_5730271447;red
EUW1_5730314450;red
EUW1_5730326735;red
EUW1_5730334984;red
EUW1_5730345083;red
EUW1_5730358086;red
EUW1_5730375090;red
EUW1_5730382537;blue
EUW1_5730400598;red
EUW1_5730419038;blue
EUW1_5730425778;blue
EUW1_5730427056;red
EUW1_5730427961;red
EUW1_5730447990;red
EUW1_5730473742;red
EUW1_5730510204;blue
EUW1_5730511291;red
EUW1_5730516952;red
EUW1_5730541988;blue
EUW1_5730542002;blue
EUW1_5730547841;red
EUW1_5730552655;blue
EUW1_5730594200;red
EUW1_5730605993;red
EUW1_5730657831;blue
EUW1_5730701198;blue
EUW1_5730759285;blue
EUW1_5730765999;blue
EUW1_5730796234;blue
EUW1_5730814212;blue
EUW1_5730820457;blue
EUW1_5730838616;red
EUW1_5730883313;blue
EUW1_5730900259;blue
EUW1_5730902514;blue
EUW1_5730904542;blue
EUW1_5730910306;red
EUW1_5730945894;red
EUW1_5730986606;blue
EUW1_5730990778;red
EUW1_5731014444;red
EUW1_5731060088;blue
EUW1_5731060733;blue
EUW1_5731086063;blue
EUW1_5731098666;red
EUW1_5731135811;blue
EUW1_5731178783;red
EUW1_5731207939;red
EUW1_5731211205;blue
EUW1_5731213686;blue
EUW1_5731222913;red
EUW1_5731225748;blue
EUW1_5731240371;blue
EUW1_5731279238;red
EUW1_5731307172;blue
EUW1_5731334901;blue
EUW1_5731335568;blue
EUW1_5731341718;red
EUW1_5731350622;red
EUW1_5731371954;red
EUW1_5731416865;red
EUW1_5731429780;blue
EUW1_5731458053;blue
EUW1_5731470217;blue
EUW1_5731515607;red
EUW1_5731542808;blue
EUW1_5731557393;blue
EUW1_5731570409;red
EUW1_5731596857;red
EUW1_5731609561;blue
EUW1_5731629885;blue
EUW1_5731630427;blue
EUW1_5731641984;blue
EUW1_5731644072;red
EUW1_5731644744;red
EUW1_5731671321;red
EUW1_5731681804;red
EUW1_5731700201;red
EUW1_5731731732;blue
EUW1_5731733647;red
EUW1_5731737135;red
EUW1_5731763304;blue
EUW1_5731772171;blue
EUW1_5731776206;red
EUW1_5731794005;blue
EUW1_5731804163;red
EUW1_5731809584;red
EUW1_5731828543;red
EUW1_5731855806;blue
EUW1_5731870702;red
EUW1_5731871825;red
EUW1_5731898838;red
EUW1_5731920698;blue
EUW1_5731924240;blue
EUW1_5731949233;blue
EUW1_5731964951;blue
EUW1_5731965994;blue
EUW1_5731991298;blue
EUW1_5732001748;blue
EUW1_5732008426;blue
EUW1_5732048056;blue
EUW1_5732051793;red
EUW1_5732065819;red
EUW1_5732071856;red
EUW1_5732093804;blue
EUW1_5732105778;red
EUW1_5732141745;blue
EUW1_5732167639;blue
EUW1_5732330164;blue
EUW1_5732382704;red
EUW1_5732577273;blue
EUW1_5732646530;red
EUW1_5732720793;blue
EUW1_5732722546;red
EUW1_5732784779;red
EUW1_5732813277;blue
EUW1_5732917105;blue
EUW1_5732931049;blue
EUW1_5732948897;blue
EUW1_5733013679;red
EUW1_5733038202;blue
EUW1_5733039508;red
EUW1_5733062206;blue
EUW1_5733079283;blue
EUW1_5733103921;red
EUW1_5733105565;blue
EUW1_5733111548;red
EUW1_5733125180;red
EUW1_5733201221;red
EUW1_5733348350;red
EUW1_5733366176;blue
EUW1_5733733606;red
EUW1_5733759500;red
EUW1_5733759894;blue
EUW1_5733783962;red
EUW1_5733786808;red
EUW1_5733790485;red
EUW1_5733810279;blue
EUW1_5733822810;blue
EUW1_5733825380;blue
EUW1_5733826666;blue
EUW1_5733853251;blue
EUW1_5733885333;red
EUW1_5733886280;blue
EUW1_5733896607;red
EUW1_5733909817;red
EUW1_5733916297;red
EUW1_5733918969;blue
EUW1_5733925372;red
EUW1_5733939921;blue
EUW1_5733952797;red
EUW1_5733960597;red
EUW1_5733961341;red
EUW1_5733967037;blue
EUW1_5733971150;blue
EUW1_5733980906;red
EUW1_5734005461;blue
EUW1_5734014485;red
EUW1_5734030584;blue
EUW1_5734046892;red
EUW1_5734052029;blue
EUW1_5734052293;blue
EUW1_5734077437;blue
EUW1_5734081212;blue
EUW1_5734095119;blue
EUW1_5734097977;red
EUW1_5734106541;red
EUW1_5734132553;blue
EUW1_5734135272;red
EUW1_5734152950;red
EUW1_5734158457;blue
EUW1_5734160869;blue
EUW1_5734163429;blue
EUW1_5734168192;red
EUW1_5734219064;red
EUW1_5734262750;blue
EUW1_5734281315;red
EUW1_5734285373;blue
EUW1_5734293121;blue
EUW1_5734341276;red
EUW1_5734354903;blue
EUW1_5734419426;red
EUW1_5734441297;blue
EUW1_5734474071;blue
EUW1_5734493746;blue
EUW1_5734496208;blue
EUW1_5734520191;blue
EUW1_5734557802;blue
EUW1_5734571952;red
EUW1_5734573004;blue
EUW1_5734578814;red
EUW1_5734641747;red
EUW1_5734676494;blue
EUW1_5734689564;red
EUW1_5734705613;red
EUW1_5734723455;blue
EUW1_5734730464;blue
EUW1_5734787964;red
EUW1_5734801482;red
EUW1_5734816211;blue
EUW1_5734831702;blue
EUW1_5734916071;blue
EUW1_5734923072;blue
EUW1_5734970560;red
EUW1_5734989694;red
EUW1_5735038238;red
EUW1_5735038401;blue
EUW1_5735054214;red
EUW1_5735065462;blue
EUW1_5735134851;blue
EUW1_5735150118;blue
EUW1_5735194025;red
EUW1_5735211285;red
EUW1_5735213312;red
EUW1_5735216949;blue
EUW1_5735229306;blue
EUW1_5735277280;red
EUW1_5735284264;blue
EUW1_5735295158;red
EUW1_5735297726;red
EUW1_5735302777;red
EUW1_5735314410;blue
EUW1_5735317058;red
EUW1_5735321534;red
EUW1_5735326477;blue
EUW1_5735339383;red
EUW1_5735346415;red
EUW1_5735353184;blue
EUW1_5735359779;red
EUW1_5735362654;blue
EUW1_5735370893;blue
EUW1_5735374849;red
EUW1_5735377063;blue
EUW1_5735378987;red
EUW1_5735381390;red
EUW1_5735385646;blue
EUW1_5735390430;red
EUW1_5735392515;blue
EUW1_5735408169;red
EUW1_5735417978;blue
EUW1_5735422031;blue
EUW1_5735422247;red
EUW1_5735434937;red
EUW1_5735455622;blue
EUW1_5735471123;blue
EUW1_5735482426;red
EUW1_5735486910;blue
EUW1_5735499649;blue
EUW1_5735504485;blue
EUW1_5735528466;red
EUW1_5735559064;blue
EUW1_5735576601;red
EUW1_5735591737;red
EUW1_5735592007;blue
EUW1_5735645137;blue
EUW1_5735651071;blue
EUW1_5735655868;red
EUW1_5735692936;blue
EUW1_5735710639;blue
EUW1_5735742273;blue
EUW1_5735774104;blue
EUW1_5735826851;blue
EUW1_5735832377;red
EUW1_5735847298;red
EUW1_5735848137;red
EUW1_5735862312;blue
EUW1_5735863571;blue
EUW1_5735900156;blue
EUW1_5735912744;red
EUW1_5735916213;red
EUW1_5735943677;red
EUW1_5735980138;blue
EUW1_5735986320;blue
EUW1_5735994228;red
EUW1_5735998388;blue
EUW1_5736022983;red
EUW1_5736056181;red
EUW1_5736067200;red
EUW1_5736074351;blue
EUW1_5736108011;blue
EUW1_5736138518;red
EUW1_5736151279;red
EUW1_5736154616;red
EUW1_5736172003;red
EUW1_5736180696;red
EUW1_5736197532;red
EUW1_5736228492;blue
EUW1_5736233622;blue
EUW1_5736250866;red
EUW1_5736254759;blue
EUW1_5736262150;red
EUW1_5736279382;blue
EUW1_5736280786;red
EUW1_5736286884;red
EUW1_5736410908;red
EUW1_5736418156;blue
EUW1_5736466206;red
EUW1_5736505731;blue
EUW1_5736536783;red
EUW1_5736777557;red
EUW1_5736788112;blue
EUW1_5736806723;red
EUW1_5736822932;blue
EUW1_5736842024;red
EUW1_5736842373;red
EUW1_5736879233;red
EUW1_5736879325;red
EUW1_5736919782;blue
EUW1_5736930281;red
EUW1_5736988313;blue
EUW1_5736988511;blue
EUW1_5736996809;blue
EUW1_5737024831;red
EUW1_5737034000;blue
EUW1_5737061845;blue
EUW1_5737072899;blue
EUW1_5737093955;blue
EUW1_5737102209;blue
EUW1_5737110096;red
EUW1_5737130490;blue
EUW1_5737158202;red
EUW1_5737177980;red
EUW1_5737182015;red
EUW1_5737204112;blue
EUW1_5737210247;red
EUW1_5737273310;blue
EUW1_5737274869;red
EUW1_5737288975;blue
EUW1_5737291345;red
EUW1_5737297962;red
EUW1_5737316555;blue
EUW1_5737318111;red
EUW1_5737321397;blue
EUW1_5737322008;blue
EUW1_5737339262;blue
EUW1_5737369810;red
EUW1_5737378371;blue
EUW1_5737382879;blue
EUW1_5737390985;blue
EUW1_5737394021;red
EUW1_5737404123;blue
EUW1_5737407501;red
EUW1_5737415001;blue
EUW1_5737415407;blue
EUW1_5737449294;red
EUW1_5737462515;red
EUW1_5737467323;red
EUW1_5737468858;blue
EUW1_5737471264;red
EUW1_5737481612;red
EUW1_5737493576;red
EUW1_5737497797;red
EUW1_5737505389;red
EUW1_5737531575;red
EUW1_5737536668;blue
EUW1_5737537320;red
EUW1_5737543674;red
EUW1_5737565742;blue
EUW1_5737568389;red
EUW1_5737595585;red
EUW1_5737596896;blue
EUW1_5737599196;blue
EUW1_5737599454;red
EUW1_5737601852;red
EUW1_5737610563;blue
EUW1_5737636607;red
EUW1_5737652995;red
EUW1_5737661229;blue
EUW1_5737666824;red
EUW1_5737683174;red
EUW1_5737692287;blue
EUW1_5737713468;red
EUW1_5737719434;blue
EUW1_5737729660;red
EUW1_5737741690;blue
EUW1_5737752446;blue
EUW1_5737753241;red
EUW1_5737767124;red
EUW1_5737767427;red
EUW1_5737803298;red
EUW1_5737809554;blue
EUW1_5737812966;red
EUW1_5737815551;blue
EUW1_5737832114;blue
EUW1_5737849050;red
EUW1_5737892415;red
EUW1_5737905193;red
EUW1_5737910316;red
EUW1_5737910806;blue
EUW1_5737911562;blue
EUW1_5737916841;blue
EUW1_5737952724;blue
EUW1_5737956708;red
EUW1_5737962162;red
EUW1_5737998020;blue
EUW1_5738024540;red
EUW1_5738037625;red
EUW1_5738052968;red
EUW1_5738054894;blue
EUW1_5738061354;blue
EUW1_5738090157;blue
EUW1_5738112035;red
EUW1_5738119145;blue
EUW1_5738128546;blue
EUW1_5738160736;blue
EUW1_5738167161;red
EUW1_5738202620;blue
EUW1_5738205616;red
EUW1_5738268577;blue
EUW1_5738278002;red
EUW1_5738294824;blue
EUW1_5738443789;red
EUW1_5738468738;blue
EUW1_5738509023;blue
EUW1_5738532689;red
EUW1_5738569460;red
EUW1_5738577352;blue
EUW1_5738772944;blue
EUW1_5738797208;blue
EUW1_5738800920;red
EUW1_5738816901;red
EUW1_5738817412;red
EUW1_5738833713;blue
EUW1_5738891421;blue
EUW1_5738916712;red
EUW1_5738928829;blue
EUW1_5738956733;red
EUW1_5738957603;blue
EUW1_5738965380;blue
EUW1_5738970564;red
EUW1_5739003766;red
EUW1_5739029211;red
EUW1_5739041684;red
EUW1_5739046949;red
EUW1_5739060111;red
EUW1_5739092201;blue
EUW1_5739095822;red
EUW1_5739096398;red
EUW1_5739099120;blue
EUW1_5739111763;blue
EUW1_5739114534;red
EUW1_5739117241;blue
EUW1_5739123482;blue
EUW1_5739153763;red
EUW1_5739168175;red
EUW1_5739180535;red
EUW1_5739184187;red
EUW1_5739186616;blue
EUW1_5739203048;blue
EUW1_5739226235;red
EUW1_5739230705;red
EUW1_5739245354;red
EUW1_5739249666;red
EUW1_5739256362;red
EUW1_5739257822;blue
EUW1_5739262217;red
EUW1_5739311031;blue
EUW1_5739319436;blue
EUW1_5739323233;blue
EUW1_5739337389;red
EUW1_5739345135;blue
EUW1_5739362727;red
EUW1_5739373035;red
EUW1_5739378805;blue
EUW1_5739386347;red
EUW1_5739409995;red
EUW1_5739421845;red
EUW1_5739451036;red
EUW1_5739469406;blue
EUW1_5739484339;blue
EUW1_5739489784;red
EUW1_5739503304;blue
EUW1_5739508211;red
EUW1_5739514825;red
EUW1_5739521249;red
EUW1_5739522708;red
EUW1_5739527605;blue
EUW1_5739569830;red
EUW1_5739574392;red
EUW1_5739581503;blue
EUW1_5739599972;blue
EUW1_5739604081;blue
EUW1_5739606207;blue
EUW1_5739619495;blue
EUW1_5739644697;red
EUW1_5739659214;red
EUW1_5739689941;blue
EUW1_5739692119;red
EUW1_5739731068;blue
EUW1_5739776980;red
EUW1_5739806729;red
EUW1_5739809966;red
EUW1_5739844168;blue
EUW1_5739853943;blue
EUW1_5739865468;red
EUW1_5739876073;blue
EUW1_5739889031;blue
EUW1_5739906310;red
EUW1_5739923438;blue
EUW1_5739925194;blue
EUW1_5739963698;blue
EUW1_5739986036;red
EUW1_5739994993;red
EUW1_5740009252;red
EUW1_5740013743;blue
EUW1_5740040962;blue
EUW1_5740062274;blue
EUW1_5740064568;blue
EUW1_5740078252;red
EUW1_5740090923;blue
EUW1_5740094384;red
EUW1_5740107930;blue
EUW1_5740119177;blue
EUW1_5740121737;blue
EUW1_5740145469;blue
EUW1_5740160383;blue
EUW1_5740211918;blue
EUW1_5740228193;blue
EUW1_5740234981;red
EUW1_5740295280;red
EUW1_5740300896;blue
EUW1_5740315495;blue
EUW1_5740327443;blue
EUW1_5740330101;red
EUW1_5740330498;red
EUW1_5740336897;red
EUW1_5740342416;blue
EUW1_5740342954;blue
EUW1_5740350305;red
EUW1_5740351330;blue
EUW1_5740359626;blue
EUW1_5740360493;blue
EUW1_5740362791;red
EUW1_5740378715;red
EUW1_5740406709;red
EUW1_5740441561;red
EUW1_5740444491;blue
EUW1_5740447876;red
EUW1_5740465628;red
EUW1_5740475106;blue
EUW1_5740517083;blue
EUW1_5740523595;blue
EUW1_5740525486;red
EUW1_5740543975;blue
EUW1_5740547547;blue
EUW1_5740551568;red
EUW1_5740568311;blue
EUW1_5740589313;red
EUW1_5740589418;red
EUW1_5740591939;red
EUW1_5740604192;blue
EUW1_5740637455;red
EUW1_5740714766;blue
EUW1_5740715298;blue
EUW1_5740717785;blue
EUW1_5740746287;blue
EUW1_5740750356;red
EUW1_5740760989;red
EUW1_5740761842;blue
EUW1_5740784334;blue
EUW1_5740796528;red
EUW1_5740826142;blue
EUW1_5740826555;blue
EUW1_5740835329;red
EUW1_5740838946;blue
EUW1_5740849777;red
EUW1_5740871255;red
EUW1_5740884476;red
EUW1_5740887071;red
EUW1_5740890264;blue
EUW1_5740891371;blue
EUW1_5740909335;red
EUW1_5740921992;red
EUW1_5740967232;blue
EUW1_5740971018;blue
EUW1_5740978421;blue
EUW1_5741020737;red
EUW1_5741041118;red
EUW1_5741043765;blue
EUW1_5741061340;red
EUW1_5741134910;red
EUW1_5741140197;red
EUW1_5741167570;red
EUW1_5741185994;red
EUW1_5741251698;red
EUW1_5741372502;red
EUW1_5741376124;blue
EUW1_5741382188;red
EUW1_5741398159;red
EUW1_5741401247;red
EUW1_5741409081;red
EUW1_5741415888;blue
EUW1_5741416517;red
EUW1_5741422799;red
EUW1_5741423132;blue
EUW1_5741424095;blue
EUW1_5741428146;blue
EUW1_5741568304;blue
EUW1_5741609086;red
EUW1_5741630923;red
EUW1_5741676976;blue
EUW1_5741677079;blue
EUW1_5741690864;red
EUW1_5741695869;red
EUW1_5741705119;blue
EUW1_5741712068;blue
EUW1_5741717750;blue
EUW1_5741719643;red
EUW1_5741720840;red
EUW1_5741723113;blue
EUW1_5741723203;red
EUW1_5741791094;red
EUW1_5741816078;red
EUW1_5741817147;blue
EUW1_5741845839;red
EUW1_5741855155;red
EUW1_5741875074;blue
EUW1_5741893700;red
EUW1_5741914199;red
EUW1_5741914221;blue
EUW1_5741945339;blue
EUW1_5741952910;blue
EUW1_5741960201;red
EUW1_5741965267;red
EUW1_5741976570;blue
EUW1_5741987322;red
EUW1_5741998269;blue
EUW1_5742012128;blue
EUW1_5742017933;red
EUW1_5742020296;blue
EUW1_5742030841;red
EUW1_5742035475;red
EUW1_5742044373;red
EUW1_5742125835;blue
EUW1_5742132415;blue
EUW1_5742135069;blue
EUW1_5742144031;blue
EUW1_5742150636;blue
EUW1_5742156910;blue
EUW1_5742213031;red
EUW1_5742221666;red
EUW1_5742234147;red
EUW1_5742236719;blue
EUW1_5742259863;red
EUW1_5742273778;blue
EUW1_5742291812;red
EUW1_5742304199;red
EUW1_5742304575;blue
EUW1_5742320430;blue
EUW1_5742367295;red
EUW1_5742379213;blue
EUW1_5742387471;blue
EUW1_5742390516;red
EUW1_5742399471;red
EUW1_5742419355;red
EUW1_5742419728;blue
EUW1_5742420210;red
EUW1_5742443556;blue
EUW1_5742447246;red
EUW1_5742448325;red
EUW1_5742459672;red
EUW1_5742459703;red
EUW1_5742462930;red
EUW1_5742474603;red
EUW1_5742512751;blue
EUW1_5742522196;red
EUW1_5742524206;blue
EUW1_5742528942;red
EUW1_5742537153;red
EUW1_5742545902;red
EUW1_5742549933;blue
EUW1_5742559424;blue
EUW1_5742570993;blue
EUW1_5742574455;blue
EUW1_5742578698;blue
EUW1_5742587745;red
EUW1_5742591481;red
EUW1_5742592335;red
EUW1_5742596628;blue
EUW1_5742597338;blue
EUW1_5742609796;red
EUW1_5742614695;blue
EUW1_5742620936;red
EUW1_5742623421;blue
EUW1_5742627183;blue
EUW1_5742629451;blue
EUW1_5742640651;blue
EUW1_5742656578;blue
EUW1_5742659679;blue
EUW1_5742675454;red
EUW1_5742679512;red
EUW1_5742685155;blue
EUW1_5742697879;blue
EUW1_5742707120;blue
EUW1_5742707228;blue
EUW1_5742708095;red
EUW1_5742712966;blue
EUW1_5742722608;red
EUW1_5742725498;blue
EUW1_5742729345;red
EUW1_5742737944;blue
EUW1_5742745228;red
EUW1_5742750793;red
EUW1_5742769366;red
EUW1_5742776937;blue
EUW1_5742784252;red
EUW1_5742784502;blue
EUW1_5742789966;red
EUW1_5742793641;blue
EUW1_5742796597;red
EUW1_5742843803;blue
EUW1_5742845489;blue
EUW1_5742846136;red
EUW1_5742851108;blue
EUW1_5742866308;red
EUW1_5742868676;red
EUW1_5742869035;red
EUW1_5742871248;red
EUW1_5742906947;red
EUW1_5742910113;red
EUW1_5742912007;red
EUW1_5742918294;blue
EUW1_5742930478;red
EUW1_5742931807;red
EUW1_5742936448;red
EUW1_5742960392;blue
EUW1_5742963223;blue
EUW1_5742970049;blue
EUW1_5742990853;red
EUW1_5742999120;blue
EUW1_5743004243;blue
EUW1_5743006295;red
EUW1_5743017992;blue
EUW1_5743029966;red
EUW1_5743038488;red
EUW1_5743050369;blue
EUW1_5743051816;red
EUW1_5743060876;red
EUW1_5743061741;red
EUW1_5743063554;blue
EUW1_5743074492;red
EUW1_5743079975;red
EUW1_5743090899;red
EUW1_5743091970;red
EUW1_5743095866;red
EUW1_5743112888;blue
EUW1_5743178559;blue
EUW1_5743181760;blue
EUW1_5743199314;blue
EUW1_5743200423;red
EUW1_5743217706;blue
EUW1_5743218280;red
EUW1_5743241627;blue
EUW1_5743250900;blue
EUW1_5743259546;blue
EUW1_5743282563;blue
EUW1_5743292545;red
EUW1_5743297622;red
EUW1_5743302467;red
EUW1_5743307409;red
EUW1_5743309210;red
EUW1_5743313971;red
EUW1_5743321266;blue
EUW1_5743325523;red
EUW1_5743326400;blue
EUW1_5743327366;blue
EUW1_5743330787;blue
EUW1_5743332341;blue
EUW1_5743346200;red
EUW1_5743349564;red
EUW1_5743354214;blue
EUW1_5743354284;blue
EUW1_5743367802;red
EUW1_5743369393;blue
EUW1_5743371997;blue
EUW1_5743381454;red
EUW1_5743382458;red
EUW1_5743388192;blue
EUW1_5743397654;red
EUW1_5743398803;blue
EUW1_5743402921;red
EUW1_5743413630;blue
EUW1_5743420194;blue
EUW1_5743441937;blue
EUW1_5743445621;red
EUW1_5743446032;red
EUW1_5743454316;blue
EUW1_5743459564;red
EUW1_5743464626;blue
EUW1_5743472190;blue
EUW1_5743473032;red
EUW1_5743474041;blue
EUW1_5743481216;red
EUW1_5743484905;red
EUW1_5743498012;red
EUW1_5743505203;blue
EUW1_5743507915;red
EUW1_5743514095;blue
EUW1_5743527169;blue
EUW1_5743531973;red
EUW1_5743537674;red
EUW1_5743538482;blue
EUW1_5743542979;red
EUW1_5743549289;red
EUW1_5743550326;blue
EUW1_5743551271;red
EUW1_5743558744;red
EUW1_5743571311;red
EUW1_5743575695;blue
EUW1_5743578942;red
EUW1_5743592619;red
EUW1_5743596134;red
EUW1_5743617892;blue
EUW1_5743619984;red
EUW1_5743622931;blue
EUW1_5743623137;red
EUW1_5743629470;red
EUW1_5743633259;blue
EUW1_5743634950;blue
EUW1_5743635386;red
EUW1_5743652522;blue
EUW1_5743665066;blue
EUW1_5743668160;red
EUW1_5743673319;blue
EUW1_5743682688;blue
EUW1_5743689602;red
EUW1_5743692971;blue
EUW1_5743718398;blue
EUW1_5743723132;red
EUW1_5743723996;red
EUW1_5743726614;red
EUW1_5743738881;red
EUW1_5743742986;red
EUW1_5743753273;red
EUW1_5743758943;red
EUW1_5743772653;blue
EUW1_5743773261;red
EUW1_5743774067;red
EUW1_5743776195;red
EUW1_5743777087;red
EUW1_5743777826;red
EUW1_5743778736;red
EUW1_5743781839;red
EUW1_5743795129;blue
EUW1_5743799799;blue
EUW1_5743802223;blue
EUW1_5743812464;blue
EUW1_5743827385;red
EUW1_5743833705;red
EUW1_5743835074;blue
EUW1_5743840287;blue
EUW1_5743869221;red
EUW1_5743880856;blue
EUW1_5743893171;red
EUW1_5743914588;blue
EUW1_5743928463;red
EUW1_5743933581;blue
EUW1_5743952468;blue
EUW1_5743958678;red
EUW1_5743972715;red
EUW1_5743978997;red
EUW1_5744047100;blue
EUW1_5744061081;blue
EUW1_5744080033;red
EUW1_5744081725;blue
EUW1_5744087267;blue
EUW1_5744110109;blue
EUW1_5744124945;red
EUW1_5744128508;red
EUW1_5744162092;blue
EUW1_5744287116;blue
EUW1_5744292379;red
EUW1_5744310460;red
EUW1_5744311748;red
EUW1_5744314316;blue
EUW1_5744318437;red
EUW1_5744334523;red
EUW1_5744337452;red
EUW1_5744372469;red
EUW1_5744378320;blue
EUW1_5744390355;red
EUW1_5744390729;blue
EUW1_5744396765;red
EUW1_5744511725;blue
EUW1_5744516219;red
EUW1_5744532748;red
EUW1_5744566726;blue
EUW1_5744569695;blue
EUW1_5744583578;blue
EUW1_5744584105;red
EUW1_5744587234;red
EUW1_5744587659;red
EUW1_5744589101;blue
EUW1_5744597526;red
EUW1_5744609174;blue
EUW1_5744616231;blue
EUW1_5744657666;blue
EUW1_5744663474;blue
EUW1_5744664025;blue
EUW1_5744664595;red
EUW1_5744690068;red
EUW1_5744692504;blue
EUW1_5744697791;blue
EUW1_5744699959;red
EUW1_5744719702;blue
EUW1_5744733331;red
EUW1_5744737066;blue
EUW1_5744739818;blue
EUW1_5744744873;blue
EUW1_5744761958;blue
EUW1_5744762126;blue
EUW1_5744770694;red
EUW1_5744775849;blue
EUW1_5744788036;red
EUW1_5744790360;red
EUW1_5744804615;blue
EUW1_5744816129;blue
EUW1_5744818150;blue
EUW1_5744824206;red
EUW1_5744840433;red
EUW1_5744842069;red
EUW1_5744850813;red
EUW1_5744860239;red
EUW1_5744860365;blue
EUW1_5744861547;blue
EUW1_5744870530;red
EUW1_5744871977;red
EUW1_5744887987;red
EUW1_5744892946;blue
EUW1_5744903945;red
EUW1_5744908210;blue
EUW1_5744919045;red
EUW1_5744927825;blue
EUW1_5744933676;red
EUW1_5744943158;blue
EUW1_5744944445;red
EUW1_5744951473;blue
EUW1_5744952195;blue
EUW1_5744962179;blue
EUW1_5744982369;blue
EUW1_5744983386;red
EUW1_5744985741;red
EUW1_5744986535;blue
EUW1_5744996724;blue
EUW1_5745003148;blue
EUW1_5745007591;blue
EUW1_5745022809;blue
EUW1_5745026446;blue
EUW1_5745033661;red
EUW1_5745044236;red
EUW1_5745048168;blue
EUW1_5745064819;blue
EUW1_5745070273;red
EUW1_5745090552;blue
EUW1_5745107047;red
EUW1_5745121030;blue
EUW1_5745154475;blue
EUW1_5745157991;red
EUW1_5745161811;blue
EUW1_5745168938;blue
EUW1_5745169928;red
EUW1_5745174532;red
EUW1_5745180877;blue
EUW1_5745184478;blue
EUW1_5745188967;red
EUW1_5745189561;blue
EUW1_5745192256;red
EUW1_5745196881;red
EUW1_5745200231;blue
EUW1_5745201527;blue
EUW1_5745204939;red
EUW1_5745205407;blue
EUW1_5745209725;red
EUW1_5745222007;red
EUW1_5745224790;blue
EUW1_5745225077;blue
EUW1_5745225849;blue
EUW1_5745233637;red
EUW1_5745237017;red
EUW1_5745239322;red
EUW1_5745241057;red
EUW1_5745242708;red
EUW1_5745255278;red
EUW1_5745272933;red
EUW1_5745277222;blue
EUW1_5745281320;red
EUW1_5745283312;blue
EUW1_5745284735;red
EUW1_5745287071;red
EUW1_5745296153;blue
EUW1_5745304965;blue
EUW1_5745310814;blue
EUW1_5745311018;red
EUW1_5745312753;red
EUW1_5745313260;blue
EUW1_5745317597;red
EUW1_5745319245;red
EUW1_5745325339;blue
EUW1_5745338348;red
EUW1_5745349389;red
EUW1_5745350937;blue
EUW1_5745351256;red
EUW1_5745356048;blue
EUW1_5745357211;blue
EUW1_5745359480;blue
EUW1_5745359827;blue
EUW1_5745361638;red
EUW1_5745374617;red
EUW1_5745377804;blue
EUW1_5745394669;blue
EUW1_5745406299;red
EUW1_5745408739;blue
EUW1_5745410104;blue
EUW1_5745413305;red
EUW1_5745422320;red
EUW1_5745423966;blue
EUW1_5745426606;blue
EUW1_5745429589;red
EUW1_5745437971;red
EUW1_5745440823;blue
EUW1_5745444226;blue
EUW1_5745446665;red
EUW1_5745449444;red
EUW1_5745454369;blue
EUW1_5745459948;red
EUW1_5745473361;blue
EUW1_5745473962;blue
EUW1_5745477248;blue
EUW1_5745488551;blue
EUW1_5745496650;blue
EUW1_5745499936;red
EUW1_5745520750;red
EUW1_5745527850;red
EUW1_5745539139;red
EUW1_5745540405;red
EUW1_5745541085;red
EUW1_5745541485;red
EUW1_5745543573;blue
EUW1_5745543697;blue
EUW1_5745545163;red
EUW1_5745549547;red
EUW1_5745567537;red
EUW1_5745576480;blue
EUW1_5745584358;red
EUW1_5745586664;red
EUW1_5745597775;red
EUW1_5745622439;blue
EUW1_5745626225;red
EUW1_5745628744;red
EUW1_5745629925;blue
EUW1_5745634695;red
EUW1_5745640887;blue
EUW1_5745658566;blue
EUW1_5745662349;red
EUW1_5745666472;red
EUW1_5745673593;blue
EUW1_5745677833;blue
EUW1_5745680646;blue
EUW1_5745681608;red
EUW1_5745696935;blue
EUW1_5745710183;blue
EUW1_5745717806;red
EUW1_5745733130;blue
EUW1_5745738305;blue
EUW1_5745744206;blue
EUW1_5745753476;blue
EUW1_5745759867;blue
EUW1_5745780995;red
EUW1_5745788518;red
EUW1_5745790294;red
EUW1_5745793314;blue
EUW1_5745804219;red
EUW1_5745833618;blue
EUW1_5745839150;blue
EUW1_5745845792;blue
EUW1_5745848248;blue
EUW1_5745848728;blue
EUW1_5745857194;red
EUW1_5745858434;red
EUW1_5745866112;blue
EUW1_5745893831;blue
EUW1_5745895242;red
EUW1_5745897748;blue
EUW1_5745920041;blue
EUW1_5745920988;blue
EUW1_5745924422;red
EUW1_5745937563;blue
EUW1_5745945999;red
EUW1_5745949378;blue
EUW1_5745959588;blue
EUW1_5745962117;blue
EUW1_5745963202;blue
EUW1_5745967883;red
EUW1_5745983380;red
EUW1_5745983820;red
EUW1_5745989129;blue
EUW1_5746002337;blue
EUW1_5746015872;red
EUW1_5746019737;blue
EUW1_5746020604;blue
EUW1_5746023841;red
EUW1_5746030898;blue
EUW1_5746042537;red
EUW1_5746046616;blue
EUW1_5746058798;red
EUW1_5746060571;red
EUW1_5746071637;red
EUW1_5746083118;red
EUW1_5746084178;red
EUW1_5746088842;red
EUW1_5746094729;red
EUW1_5746116173;blue
EUW1_5746117657;red
EUW1_5746120891;red
EUW1_5746121674;red
EUW1_5746134761;blue
EUW1_5746142679;blue
EUW1_5746145913;blue
EUW1_5746152272;red
EUW1_5746160177;red
EUW1_5746169045;red
EUW1_5746172269;blue
EUW1_5746172809;blue
EUW1_5746176819;blue
EUW1_5746181918;red
EUW1_5746186091;blue
EUW1_5746194241;red
EUW1_5746206677;blue
EUW1_5746216901;blue
EUW1_5746217203;red
EUW1_5746220104;blue
EUW1_5746222873;red
EUW1_5746228353;red
EUW1_5746235518;red
EUW1_5746240341;red
EUW1_5746249111;red
EUW1_5746270822;blue
EUW1_5746301087;blue
EUW1_5746305926;red
EUW1_5746306570;red
EUW1_5746314379;blue
EUW1_5746318249;red
EUW1_5746323380;blue
EUW1_5746325621;blue
EUW1_5746341324;red
EUW1_5746341760;blue
EUW1_5746347526;blue
EUW1_5746359500;blue
EUW1_5746364070;blue
EUW1_5746368388;red
EUW1_5746380719;red
EUW1_5746381762;red
EUW1_5746384411;blue
EUW1_5746397947;red
EUW1_5746405934;red
EUW1_5746415691;red
EUW1_5746428508;red
EUW1_5746435489;blue
EUW1_5746441158;red
EUW1_5746456001;blue
EUW1_5746456381;blue
EUW1_5746485599;blue
EUW1_5746489406;blue
EUW1_5746489932;red
EUW1_5746502287;red
EUW1_5746502581;blue
EUW1_5746507547;red
EUW1_5746511848;blue
EUW1_5746521186;red
EUW1_5746567848;blue
EUW1_5746589399;blue
EUW1_5746591247;blue
EUW1_5746592611;blue
EUW1_5746615290;red
EUW1_5746623862;red
EUW1_5746632351;blue
EUW1_5746638435;blue
EUW1_5746659335;red
EUW1_5746659924;red
EUW1_5746677046;red
EUW1_5746677248;blue
EUW1_5746682353;red
EUW1_5746682433;red
EUW1_5746684031;blue
EUW1_5746684649;red
EUW1_5746689019;red
EUW1_5746699797;red
EUW1_5746709746;red
EUW1_5746720550;blue
EUW1_5746725157;red
EUW1_5746726892;red
EUW1_5746728039;red
EUW1_5746732137;blue
EUW1_5746733942;blue
EUW1_5746735848;blue
EUW1_5746752226;blue
EUW1_5746754947;blue
EUW1_5746757245;blue
EUW1_5746758523;red
EUW1_5746758875;red
EUW1_5746774171;red
EUW1_5746776155;blue
EUW1_5746779596;blue
EUW1_5746783164;blue
EUW1_5746786297;red
EUW1_5746787786;red
EUW1_5746789959;blue
EUW1_5746790693;blue
EUW1_5746798781;red
EUW1_5746802293;blue
EUW1_5746811141;red
EUW1_5746813750;red
EUW1_5746826455;blue
EUW1_5746829930;red
EUW1_5746831002;blue
EUW1_5746835112;red
EUW1_5746850557;blue
EUW1_5746853378;blue
EUW1_5746869507;red
EUW1_5746870636;red
EUW1_5746878665;red
EUW1_5746883623;red
EUW1_5746883636;blue
EUW1_5746890731;red
EUW1_5746893464;red
EUW1_5746911267;red
EUW1_5746917192;red
EUW1_5746918891;blue
EUW1_5746923665;red
EUW1_5746924349;red
EUW1_5746950607;red
EUW1_5746954527;red
EUW1_5746961015;red
EUW1_5746986621;red
EUW1_5746989702;red
EUW1_5746992978;red
EUW1_5747017698;blue
EUW1_5747027484;red
EUW1_5747030712;blue
EUW1_5747041837;red
EUW1_5747054288;red
EUW1_5747055907;red
EUW1_5747056160;blue
EUW1_5747056998;blue
EUW1_5747060568;blue
EUW1_5747082160;blue
EUW1_5747083159;red
EUW1_5747083636;blue
EUW1_5747085762;blue
EUW1_5747096502;blue
EUW1_5747108827;blue
EUW1_5747109474;red
EUW1_5747116884;blue
EUW1_5747149359;blue
EUW1_5747202240;red
EUW1_5747241410;red
EUW1_5747245191;red
EUW1_5747256719;blue
EUW1_5747258852;blue
EUW1_5747264229;red
EUW1_5747317663;blue
EUW1_5747351250;red
EUW1_5747352362;red
EUW1_5747423769;blue
EUW1_5747434119;red
EUW1_5747439497;blue
EUW1_5747450538;red
EUW1_5747462892;red
EUW1_5747477127;blue
EUW1_5747505155;red
EUW1_5747506171;blue
EUW1_5747696171;red
EUW1_5747699524;red
EUW1_5747701710;red
EUW1_5747706141;red
EUW1_5747739237;blue
EUW1_5747762170;blue
EUW1_5747767907;blue
EUW1_5747794211;blue
EUW1_5747811088;blue
EUW1_5747817204;blue
EUW1_5747823160;red
EUW1_5747828829;red
EUW1_5747839727;red
EUW1_5747844305;red
EUW1_5747855476;blue
EUW1_5747858854;blue
EUW1_5747862521;blue
EUW1_5747873806;red
EUW1_5747876547;red
EUW1_5747876772;blue
EUW1_5747880108;blue
EUW1_5747881614;red
EUW1_5747889240;blue
EUW1_5747891747;red
EUW1_5747895761;blue
EUW1_5747907173;blue
EUW1_5747913862;red
EUW1_5747918703;blue
EUW1_5747929817;blue
EUW1_5747933891;blue
EUW1_5747935706;blue
EUW1_5747945862;blue
EUW1_5747946227;blue
EUW1_5747953986;blue
EUW1_5747967294;red
EUW1_5747969995;blue
EUW1_5747973226;red
EUW1_5747975645;blue
EUW1_5747976077;blue
EUW1_5747989020;blue
EUW1_5747991532;red
EUW1_5747992640;red
EUW1_5748001935;red
EUW1_5748002268;blue
EUW1_5748005953;red
EUW1_5748008138;red
EUW1_5748009258;red
EUW1_5748015111;red
EUW1_5748017527;red
EUW1_5748019228;red
EUW1_5748019890;red
EUW1_5748020905;blue
EUW1_5748021705;red
EUW1_5748023530;red
EUW1_5748026145;blue
EUW1_5748026916;blue
EUW1_5748031591;red
EUW1_5748039628;red
EUW1_5748042083;blue
EUW1_5748045394;blue
EUW1_5748046792;blue
EUW1_5748051286;red
EUW1_5748056452;red
EUW1_5748071729;red
EUW1_5748072661;blue
EUW1_5748087187;blue
EUW1_5748094114;red
EUW1_5748095963;red
EUW1_5748098091;red
EUW1_5748101182;red
EUW1_5748103286;blue
EUW1_5748116280;red
EUW1_5748123403;blue
EUW1_5748130897;blue
EUW1_5748135228;blue
EUW1_5748140329;blue
EUW1_5748143931;blue
EUW1_5748144005;blue
EUW1_5748146764;red
EUW1_5748152794;blue
EUW1_5748157088;blue
EUW1_5748160404;blue
EUW1_5748165717;red
EUW1_5748172611;blue
EUW1_5748200341;blue
EUW1_5748202140;red
EUW1_5748207018;red
EUW1_5748207928;blue
EUW1_5748208594;red
EUW1_5748210571;red
EUW1_5748219788;red
EUW1_5748222282;red
EUW1_5748241322;blue
EUW1_5748251330;red
EUW1_5748257212;red
EUW1_5748259720;blue
EUW1_5748275189;blue
EUW1_5748277282;red
EUW1_5748283366;blue
EUW1_5748284101;blue
EUW1_5748292942;blue
EUW1_5748297716;blue
EUW1_5748297955;blue
EUW1_5748304742;blue
EUW1_5748309692;red
EUW1_5748320818;blue
EUW1_5748325460;blue
EUW1_5748327884;red
EUW1_5748329907;red
EUW1_5748348150;red
EUW1_5748356231;blue
EUW1_5748372086;blue
EUW1_5748377935;red
EUW1_5748385775;red
EUW1_5748392707;red
EUW1_5748401137;red
EUW1_5748405256;blue
EUW1_5748416775;red
EUW1_5748439491;blue
EUW1_5748453580;blue
EUW1_5748470041;blue
EUW1_5748474108;blue
EUW1_5748478168;red
EUW1_5748508918;red
EUW1_5748532466;red
EUW1_5748549236;blue
EUW1_5748555864;blue
EUW1_5748556082;red
EUW1_5748559510;blue
EUW1_5748575871;red
EUW1_5748577579;red
EUW1_5748579619;red
EUW1_5748592949;red
EUW1_5748593986;blue
EUW1_5748596543;red
EUW1_5748597265;red
EUW1_5748597617;blue
EUW1_5748608822;blue
EUW1_5748609577;red
EUW1_5748610169;red
EUW1_5748610868;red
EUW1_5748613307;blue
EUW1_5748617858;blue
EUW1_5748619596;blue
EUW1_5748624626;blue
EUW1_5748625188;blue
EUW1_5748635129;blue
EUW1_5748635615;red
EUW1_5748639439;blue
EUW1_5748644669;red
EUW1_5748645825;red
EUW1_5748649253;blue
EUW1_5748655164;blue
EUW1_5748661370;red
EUW1_5748662840;blue
EUW1_5748672148;blue
EUW1_5748673568;red
EUW1_5748675468;red
EUW1_5748676944;red
EUW1_5748677101;red
EUW1_5748680235;blue
EUW1_5748681285;red
EUW1_5748686797;blue
EUW1_5748694757;blue
EUW1_5748698305;blue
EUW1_5748698357;red
EUW1_5748700763;red
EUW1_5748706825;red
EUW1_5748712280;blue
EUW1_5748721239;blue
EUW1_5748728209;blue
EUW1_5748735784;red
EUW1_5748737905;blue
EUW1_5748742098;blue
EUW1_5748744223;blue
EUW1_5748746023;red
EUW1_5748751680;blue
EUW1_5748753252;blue
EUW1_5748763891;blue
EUW1_5748767988;red
EUW1_5748768683;red
EUW1_5748776574;blue
EUW1_5748782760;red
EUW1_5748797590;red
EUW1_5748814979;red
EUW1_5748816728;blue
EUW1_5748820377;red
EUW1_5748825752;blue
EUW1_5748829874;blue
EUW1_5748844407;blue
EUW1_5748846564;red
EUW1_5748849297;red
EUW1_5748852972;blue
EUW1_5748862397;red
EUW1_5748865833;blue
EUW1_5748865996;red
EUW1_5748867993;blue
EUW1_5748886843;red
EUW1_5748888938;red
EUW1_5748898716;red
EUW1_5748901609;red
EUW1_5748911233;blue
EUW1_5748914460;blue
EUW1_5748917537;blue
EUW1_5748918271;red
EUW1_5748923129;red
EUW1_5748929889;blue
EUW1_5748937156;red
EUW1_5748949769;blue
EUW1_5748957785;blue
EUW1_5748968180;red
EUW1_5748972014;blue
EUW1_5748974029;blue
EUW1_5748977432;red
EUW1_5748981857;blue
EUW1_5748982045;red
EUW1_5748983659;blue
EUW1_5748987732;red
EUW1_5748993766;red
EUW1_5749003618;blue
EUW1_5749008414;blue
EUW1_5749012578;blue
EUW1_5749022926;red
EUW1_5749025017;red
EUW1_5749026974;blue
EUW1_5749028416;blue
EUW1_5749030154;red
EUW1_5749032651;red
EUW1_5749049650;red
EUW1_5749055148;blue
EUW1_5749056430;blue
EUW1_5749061040;red
EUW1_5749061432;blue
EUW1_5749062406;red
EUW1_5749067323;blue
EUW1_5749070022;blue
EUW1_5749093424;red
EUW1_5749100154;blue
EUW1_5749109555;blue
EUW1_5749118350;red
EUW1_5749136260;red
EUW1_5749138232;blue
EUW1_5749139585;blue
EUW1_5749154231;red
EUW1_5749155659;red
EUW1_5749168362;red
EUW1_5749168818;blue
EUW1_5749173928;red
EUW1_5749191207;red
EUW1_5749197239;red
EUW1_5749204436;blue
EUW1_5749212111;blue
EUW1_5749213608;blue
EUW1_5749214199;red
EUW1_5749226954;red
EUW1_5749228765;red
EUW1_5749230145;red
EUW1_5749238038;red
EUW1_5749243421;red
EUW1_5749251043;blue
EUW1_5749253697;red
EUW1_5749262581;blue
EUW1_5749267943;blue
EUW1_5749287241;blue
EUW1_5749287429;blue
EUW1_5749292293;red
EUW1_5749299905;blue
EUW1_5749300213;red
EUW1_5749300554;blue
EUW1_5749316888;red
EUW1_5749334319;blue
EUW1_5749341451;red
EUW1_5749343581;blue
EUW1_5749357857;blue
EUW1_5749359414;red
EUW1_5749359851;blue
EUW1_5749365820;red
EUW1_5749373243;blue
EUW1_5749377077;blue
EUW1_5749379058;blue
EUW1_5749387428;blue
EUW1_5749393426;blue
EUW1_5749399355;blue
EUW1_5749410215;blue
EUW1_5749412165;blue
EUW1_5749418682;blue
EUW1_5749449650;blue
EUW1_5749452474;red
EUW1_5749466573;red
EUW1_5749482386;red
EUW1_5749485846;blue
EUW1_5749488308;blue
EUW1_5749491240;blue
EUW1_5749494149;blue
EUW1_5749500007;red
EUW1_5749505852;red
EUW1_5749506236;red
EUW1_5749509496;red
EUW1_5749519818;blue
EUW1_5749532457;blue
EUW1_5749533986;blue
EUW1_5749543293;blue
EUW1_5749550798;red
EUW1_5749558542;blue
EUW1_5749569192;blue
EUW1_5749579366;blue
EUW1_5749592427;blue
EUW1_5749598306;blue
EUW1_5749598386;red
EUW1_5749601916;red
EUW1_5749613635;red
EUW1_5749620178;red
EUW1_5749621332;red
EUW1_5749631532;blue
EUW1_5749644844;blue
EUW1_5749645977;blue
EUW1_5749646314;blue
EUW1_5749647622;red
EUW1_5749650991;blue
EUW1_5749657578;blue
EUW1_5749657755;red
EUW1_5749669503;blue
EUW1_5749669716;blue
EUW1_5749673135;red
EUW1_5749679162;blue
EUW1_5749680782;blue
EUW1_5749681439;red
EUW1_5749695004;blue
EUW1_5749695951;red
EUW1_5749708259;blue
EUW1_5749728727;red
EUW1_5749729061;blue
EUW1_5749743356;red
EUW1_5749749858;blue
EUW1_5749754894;red
EUW1_5749760909;red
EUW1_5749771650;blue
EUW1_5749787558;blue
EUW1_5749789740;red
EUW1_5749791257;red
EUW1_5749793698;red
EUW1_5749796582;red
EUW1_5749802060;blue
EUW1_5749809456;blue
EUW1_5749814297;blue
EUW1_5749817243;red
EUW1_5749820978;blue
EUW1_5749822346;red
EUW1_5749835677;blue
EUW1_5749851888;blue
EUW1_5749853430;red
EUW1_5749868972;red
EUW1_5749870525;blue
EUW1_5749880721;blue
EUW1_5749883887;red
EUW1_5749887861;blue
EUW1_5749888684;blue
EUW1_5749906312;blue
EUW1_5749916542;blue
EUW1_5749921150;red
EUW1_5749947386;blue
EUW1_5749952564;red
EUW1_5749965273;blue
EUW1_5749968676;red
EUW1_5749968766;red
EUW1_5749981474;blue
EUW1_5749995674;blue
EUW1_5749997054;blue
EUW1_5749998958;red
EUW1_5750000007;blue
EUW1_5750013093;blue
EUW1_5750019059;blue
EUW1_5750019142;blue
EUW1_5750020384;red
EUW1_5750026389;blue
EUW1_5750040230;red
EUW1_5750042086;red
EUW1_5750045549;blue
EUW1_5750046913;blue
EUW1_5750054584;blue
EUW1_5750057650;red
EUW1_5750059697;red
EUW1_5750061053;red
EUW1_5750069815;red
EUW1_5750072311;red
EUW1_5750083482;red
EUW1_5750083600;red
EUW1_5750086828;blue
EUW1_5750095358;red
EUW1_5750097263;red
EUW1_5750099602;blue
EUW1_5750105083;blue
EUW1_5750108198;red
EUW1_5750122127;red
EUW1_5750122779;blue
EUW1_5750124026;blue
EUW1_5750126884;red
EUW1_5750127208;red
EUW1_5750130642;blue
EUW1_5750131961;blue
EUW1_5750132288;blue
EUW1_5750132688;red
EUW1_5750137115;blue
EUW1_5750138630;red
EUW1_5750148340;blue
EUW1_5750148663;red
EUW1_5750155222;blue
EUW1_5750155278;blue
EUW1_5750157679;blue
EUW1_5750160146;blue
EUW1_5750167240;red
EUW1_5750174499;blue
EUW1_5750193794;red
EUW1_5750194394;red
EUW1_5750198092;red
EUW1_5750201215;red
EUW1_5750208130;red
EUW1_5750209519;blue
EUW1_5750238127;red
EUW1_5750240073;blue
EUW1_5750311227;red
EUW1_5750312059;blue
EUW1_5750312628;blue
EUW1_5750314762;red
EUW1_5750319805;red
EUW1_5750347882;blue
EUW1_5750349901;red
EUW1_5750353008;red
EUW1_5750366674;blue
EUW1_5750379179;blue
EUW1_5750390309;red
EUW1_5750394576;red
EUW1_5750395011;red
EUW1_5750400358;blue
EUW1_5750403160;red
EUW1_5750405452;red
EUW1_5750406746;red
EUW1_5750463734;red
EUW1_5750463811;blue
EUW1_5750469363;red
EUW1_5750534890;blue
EUW1_5750537905;red
EUW1_5750538900;blue
EUW1_5750564053;blue
EUW1_5750564162;blue
EUW1_5750567207;blue
EUW1_5750569481;blue
EUW1_5750570585;blue
EUW1_5750578615;red
EUW1_5750590080;blue
EUW1_5750600563;red
EUW1_5750603513;blue
EUW1_5750606625;red
EUW1_5750615247;red
EUW1_5750617057;red
EUW1_5750629359;red
EUW1_5750634197;blue
EUW1_5750638233;red
EUW1_5750643110;red
EUW1_5750677823;red
EUW1_5750752592;red
EUW1_5750765635;blue
EUW1_5750766090;red
EUW1_5750774155;red
EUW1_5750804755;blue
EUW1_5750806255;red
EUW1_5750812327;blue
EUW1_5750818384;blue
EUW1_5750821762;blue
EUW1_5750821858;red
EUW1_5750825426;red
EUW1_5750826199;blue
EUW1_5750832140;blue
EUW1_5750833090;blue
EUW1_5750835621;blue
EUW1_5750836786;blue
EUW1_5750838764;red
EUW1_5750861819;blue
EUW1_5750878244;red
EUW1_5750884306;blue
EUW1_5750886119;red
EUW1_5750892945;blue
EUW1_5750894311;blue
EUW1_5750902087;blue
EUW1_5750903653;red
EUW1_5750906172;blue
EUW1_5750923347;red
EUW1_5750923921;red
EUW1_5750926044;red
EUW1_5750930009;blue
EUW1_5750930576;blue
EUW1_5750931604;blue
EUW1_5750941394;red
EUW1_5750942345;red
EUW1_5750957463;red
EUW1_5750960152;red
EUW1_5750966921;red
EUW1_5750980894;blue
EUW1_5750981935;blue
EUW1_5750983340;red
EUW1_5750988335;blue
EUW1_5750988843;red
EUW1_5750991058;blue
EUW1_5750992714;red
EUW1_5750997745;red
EUW1_5750997910;blue
EUW1_5751002487;red
EUW1_5751004475;blue
EUW1_5751015806;blue
EUW1_5751024569;red
EUW1_5751035575;blue
EUW1_5751053685;red
EUW1_5751054331;red
EUW1_5751074054;blue
EUW1_5751077578;blue
EUW1_5751080622;red
EUW1_5751093900;red
EUW1_5751099518;red
EUW1_5751107538;blue
EUW1_5751108190;red
EUW1_5751112107;red
EUW1_5751115310;red
EUW1_5751117705;red
EUW1_5751118604;red
EUW1_5751120837;red
EUW1_5751120986;blue
EUW1_5751130054;blue
EUW1_5751134579;red
EUW1_5751135390;blue
EUW1_5751138799;red
EUW1_5751140111;blue
EUW1_5751163132;blue
EUW1_5751182326;blue
EUW1_5751186883;red
EUW1_5751197168;red
EUW1_5751214417;blue
EUW1_5751215423;red
EUW1_5751216458;red
EUW1_5751219434;blue
EUW1_5751222494;red
EUW1_5751231802;blue
EUW1_5751233036;red
EUW1_5751239317;blue
EUW1_5751239737;blue
EUW1_5751266059;red
EUW1_5751275343;blue
EUW1_5751285393;red
EUW1_5751286593;blue
EUW1_5751291713;red
EUW1_5751293197;blue
EUW1_5751296091;red
EUW1_5751307568;red
EUW1_5751309733;red
EUW1_5751310155;blue
EUW1_5751327839;blue
EUW1_5751331582;blue
EUW1_5751335018;red
EUW1_5751336883;blue
EUW1_5751345330;blue
EUW1_5751356913;red
EUW1_5751360428;red
EUW1_5751367419;red
EUW1_5751369552;red
EUW1_5751374583;red
EUW1_5751419176;blue
EUW1_5751427663;blue
EUW1_5751433563;blue
EUW1_5751439710;red
EUW1_5751443352;blue
EUW1_5751444940;red
EUW1_5751448739;blue
EUW1_5751451363;blue
EUW1_5751454231;blue
EUW1_5751460478;blue
EUW1_5751463234;red
EUW1_5751465587;red
EUW1_5751466123;red
EUW1_5751470381;blue
EUW1_5751479167;red
EUW1_5751483941;red
EUW1_5751487509;red
EUW1_5751502281;blue
EUW1_5751518709;red
EUW1_5751530486;red
EUW1_5751534288;red
EUW1_5751542954;red
EUW1_5751555325;blue
EUW1_5751555334;red
EUW1_5751559425;red
EUW1_5751563285;red
EUW1_5751581834;blue
EUW1_5751586050;blue
EUW1_5751604299;blue
EUW1_5751608907;blue
EUW1_5751614482;red
EUW1_5751618124;red
EUW1_5751630674;red
EUW1_5751639438;red
EUW1_5751659640;blue
EUW1_5751680450;blue
EUW1_5751708328;red
EUW1_5751725184;red
EUW1_5751737347;red
EUW1_5751754819;blue
EUW1_5751775979;red
EUW1_5751778840;red
EUW1_5751780559;blue
EUW1_5751788767;blue
EUW1_5751790171;red
EUW1_5751794480;blue
EUW1_5751799278;blue
EUW1_5751829989;blue
EUW1_5751838262;red
EUW1_5751845279;blue
EUW1_5751846134;blue
EUW1_5751857955;blue
EUW1_5751873194;blue
EUW1_5751873429;blue
EUW1_5751877304;red
EUW1_5751883666;red
EUW1_5751884032;blue
EUW1_5751895403;red
EUW1_5751896627;blue
EUW1_5751899375;red
EUW1_5751902277;blue
EUW1_5751904815;red
EUW1_5751907443;blue
EUW1_5751911525;red
EUW1_5751913108;red
EUW1_5751917555;blue
EUW1_5751924118;red
EUW1_5751925661;blue
EUW1_5751928026;red
EUW1_5751937800;red
EUW1_5751939214;red
EUW1_5751939377;blue
EUW1_5751941804;blue
EUW1_5751942515;red
EUW1_5751944479;blue
EUW1_5751949771;blue
EUW1_5751955281;red
EUW1_5751965271;blue
EUW1_5751967569;red
EUW1_5751970405;red
EUW1_5751972360;red
EUW1_5751982537;red
EUW1_5751988692;blue
EUW1_5751991170;blue
EUW1_5751994803;red
EUW1_5752008906;blue
EUW1_5752009263;red
EUW1_5752013189;red
EUW1_5752019757;blue
EUW1_5752025711;red
EUW1_5752027033;red
EUW1_5752034528;blue
EUW1_5752043909;blue
EUW1_5752055778;red
EUW1_5752061804;blue
EUW1_5752064748;red
EUW1_5752071598;red
EUW1_5752071843;blue
EUW1_5752073084;blue
EUW1_5752080058;blue
EUW1_5752081179;red
EUW1_5752082316;blue
EUW1_5752088512;red
EUW1_5752088994;red
EUW1_5752092877;red
EUW1_5752097813;blue
EUW1_5752098501;red
EUW1_5752100094;red
EUW1_5752102942;red
EUW1_5752107752;blue
EUW1_5752124442;red
EUW1_5752128582;red
EUW1_5752133657;blue
EUW1_5752134489;red
EUW1_5752146729;blue
EUW1_5752153141;blue
EUW1_5752153723;blue
EUW1_5752159535;red
EUW1_5752176676;red
EUW1_5752178987;blue
EUW1_5752191302;blue
EUW1_5752200471;red
EUW1_5752213971;blue
EUW1_5752230641;blue
EUW1_5752232856;blue
EUW1_5752236282;blue
EUW1_5752237848;blue
EUW1_5752242838;red
EUW1_5752251652;blue
EUW1_5752253751;blue
EUW1_5752256378;blue
EUW1_5752264870;red
EUW1_5752271005;blue
EUW1_5752272831;blue
EUW1_5752273090;blue
EUW1_5752273857;red
EUW1_5752289331;blue
EUW1_5752290945;red
EUW1_5752298160;blue
EUW1_5752299284;blue
EUW1_5752314184;red
EUW1_5752319692;red
EUW1_5752329394;blue
EUW1_5752336244;red
EUW1_5752345098;red
EUW1_5752352291;red
EUW1_5752369498;red
EUW1_5752374388;red
EUW1_5752395299;blue
EUW1_5752398313;red
EUW1_5752399283;red
EUW1_5752403301;red
EUW1_5752405983;red
EUW1_5752407604;red
EUW1_5752423053;blue
EUW1_5752423266;blue
EUW1_5752429009;red
EUW1_5752451985;blue
EUW1_5752457273;blue
EUW1_5752464734;blue
EUW1_5752471668;red
EUW1_5752475453;blue
EUW1_5752475812;red
EUW1_5752481278;red
EUW1_5752484651;blue
EUW1_5752500364;blue
EUW1_5752507046;red
EUW1_5752507308;red
EUW1_5752515281;blue
EUW1_5752516868;red
EUW1_5752522407;blue
EUW1_5752528017;red
EUW1_5752546953;blue
EUW1_5752548376;red
EUW1_5752560532;red
EUW1_5752566290;red
EUW1_5752582895;red
EUW1_5752583261;blue
EUW1_5752588907;blue
EUW1_5752589236;red
EUW1_5752606449;red
EUW1_5752621025;blue
EUW1_5752622960;blue
EUW1_5752628724;blue
EUW1_5752629298;blue
EUW1_5752629452;blue
EUW1_5752631846;red
EUW1_5752634352;red
EUW1_5752637801;blue
EUW1_5752644197;blue
EUW1_5752651452;blue
EUW1_5752657105;blue
EUW1_5752658611;blue
EUW1_5752677504;red
EUW1_5752699574;blue
EUW1_5752705773;red
EUW1_5752709643;red
EUW1_5752712339;blue
EUW1_5752713298;red
EUW1_5752716854;blue
EUW1_5752718405;red
EUW1_5752722293;blue
EUW1_5752726343;red
EUW1_5752733627;blue
EUW1_5752739383;red
EUW1_5752744624;red
EUW1_5752747268;blue
EUW1_5752769915;blue
EUW1_5752784194;blue
EUW1_5752785810;red
EUW1_5752790424;blue
EUW1_5752797687;blue
EUW1_5752803869;red
EUW1_5752809141;red
EUW1_5752815406;blue
EUW1_5752824891;red
EUW1_5752832971;blue
EUW1_5752838114;blue
EUW1_5752838448;red
EUW1_5752850602;red
EUW1_5752859663;blue
EUW1_5752863551;red
EUW1_5752863904;red
EUW1_5752883164;blue
EUW1_5752894027;blue
EUW1_5752900703;red
EUW1_5752902353;red
EUW1_5752906485;red
EUW1_5752907975;blue
EUW1_5752914603;blue
EUW1_5752918356;red
EUW1_5752923490;blue
EUW1_5752925364;blue
EUW1_5752928300;red
EUW1_5752931714;red
EUW1_5752932457;red
EUW1_5752933019;blue
EUW1_5752944684;red
EUW1_5752956105;red
EUW1_5752957448;blue
EUW1_5752958677;blue
EUW1_5752960116;red
EUW1_5752965930;red
EUW1_5752972697;blue
EUW1_5752973923;red
EUW1_5753075703;blue
EUW1_5753083650;red
EUW1_5753086107;blue
EUW1_5753087075;red
EUW1_5753091961;red
EUW1_5753093219;red
EUW1_5753100214;blue
EUW1_5753100408;red
EUW1_5753121950;red
EUW1_5753124941;red
EUW1_5753133816;red
EUW1_5753134130;blue
EUW1_5753146317;red
EUW1_5753146927;red
EUW1_5753170355;blue
EUW1_5753177064;red
EUW1_5753273873;blue
EUW1_5753280709;blue
EUW1_5753287996;blue
EUW1_5753288379;red
EUW1_5753311787;blue
EUW1_5753332048;red
EUW1_5753363409;red
EUW1_5753365630;blue
EUW1_5753388122;red
EUW1_5753393936;red
EUW1_5753399524;red
EUW1_5753478283;blue
EUW1_5753484629;blue
EUW1_5753486518;blue
EUW1_5753490928;blue
EUW1_5753528252;blue
EUW1_5753562510;blue
EUW1_5753616336;red
EUW1_5753627356;red
EUW1_5753628536;red
EUW1_5753630391;blue
EUW1_5753632256;red
EUW1_5753649427;blue
EUW1_5753652180;red
EUW1_5753663733;blue
EUW1_5753668616;red
EUW1_5753673055;blue
EUW1_5753678410;red
EUW1_5753687149;blue
EUW1_5753695451;red
EUW1_5753700420;blue
EUW1_5753702362;blue
EUW1_5753705213;blue
EUW1_5753733162;blue
EUW1_5753745338;red
EUW1_5753746900;red
EUW1_5753757391;blue
EUW1_5753758118;red
EUW1_5753762322;red
EUW1_5753762983;blue
EUW1_5753769180;blue
EUW1_5753776248;red
EUW1_5753777146;blue
EUW1_5753777822;red
EUW1_5753779156;red
EUW1_5753781630;blue
EUW1_5753785178;blue
EUW1_5753789626;blue
EUW1_5753790857;blue
EUW1_5753798163;blue
EUW1_5753798607;red
EUW1_5753801771;red
EUW1_5753802042;blue
EUW1_5753804767;blue
EUW1_5753807369;red
EUW1_5753819233;red
EUW1_5753821227;red
EUW1_5753824178;red
EUW1_5753833661;red
EUW1_5753838283;red
EUW1_5753841399;red
EUW1_5753842445;blue
EUW1_5753846516;blue
EUW1_5753851876;blue
EUW1_5753852157;blue
EUW1_5753853428;red
EUW1_5753856044;red
EUW1_5753871246;red
EUW1_5753878213;red
EUW1_5753884105;red
EUW1_5753887916;red
EUW1_5753892521;red
EUW1_5753894681;red
EUW1_5753895887;red
EUW1_5753900738;red
EUW1_5753901502;blue
EUW1_5753903126;blue
EUW1_5753904638;red
EUW1_5753906127;red
EUW1_5753908534;blue
EUW1_5753909160;blue
EUW1_5753910470;blue
EUW1_5753919422;blue
EUW1_5753925371;blue
EUW1_5753925674;blue
EUW1_5753926639;blue
EUW1_5753932034;blue
EUW1_5753938855;red
EUW1_5753945205;red
EUW1_5753952274;blue
EUW1_5753955771;blue
EUW1_5753966876;blue
EUW1_5753987194;blue
EUW1_5753992887;red
EUW1_5753993221;blue
EUW1_5753994428;blue
EUW1_5753996670;red
EUW1_5753998118;red
EUW1_5753999716;red
EUW1_5754001639;red
EUW1_5754025656;red
EUW1_5754038852;blue
EUW1_5754040149;red
EUW1_5754040466;red
EUW1_5754041388;red
EUW1_5754043672;red
EUW1_5754057006;blue
EUW1_5754063057;blue
EUW1_5754069406;blue
EUW1_5754070934;red
EUW1_5754075430;blue
EUW1_5754082019;red
EUW1_5754082389;red
EUW1_5754096395;red
EUW1_5754112845;red
EUW1_5754113477;blue
EUW1_5754114875;red
EUW1_5754125639;blue
EUW1_5754128350;red
EUW1_5754131746;red
EUW1_5754133698;blue
EUW1_5754135855;red
EUW1_5754144597;red
EUW1_5754150349;blue
EUW1_5754151292;blue
EUW1_5754153664;red
EUW1_5754158468;blue
EUW1_5754158716;red
EUW1_5754180557;red
EUW1_5754182151;blue
EUW1_5754186835;blue
EUW1_5754194648;red
EUW1_5754195053;blue
EUW1_5754205384;red
EUW1_5754220221;blue
EUW1_5754223205;red
EUW1_5754224215;blue
EUW1_5754228692;red
EUW1_5754230477;red
EUW1_5754231084;blue
EUW1_5754244093;red
EUW1_5754247414;blue
EUW1_5754254978;red
EUW1_5754276872;red
EUW1_5754286301;red
EUW1_5754288227;red
EUW1_5754292224;red
EUW1_5754298333;blue
EUW1_5754302333;red
EUW1_5754310473;blue
EUW1_5754315242;blue
EUW1_5754325308;red
EUW1_5754333533;blue
EUW1_5754336532;red
EUW1_5754337049;red
EUW1_5754346086;blue
EUW1_5754355960;red
EUW1_5754360168;blue
EUW1_5754379532;red
EUW1_5754380576;blue
EUW1_5754380864;blue
EUW1_5754386061;red
EUW1_5754398176;blue
EUW1_5754400645;red
EUW1_5754403543;blue
EUW1_5754409438;red
EUW1_5754417586;red
EUW1_5754421366;blue
EUW1_5754422499;red
EUW1_5754440111;red
EUW1_5754457329;blue
EUW1_5754458623;blue
EUW1_5754470155;red
EUW1_5754474628;blue
EUW1_5754475038;red
EUW1_5754493630;red
EUW1_5754501965;blue
EUW1_5754507657;red
EUW1_5754508704;blue
EUW1_5754515811;red
EUW1_5754527757;blue
EUW1_5754529451;blue
EUW1_5754554637;red
EUW1_5754569082;blue
EUW1_5754574620;red
EUW1_5754578064;blue
EUW1_5754581382;blue
EUW1_5754587953;blue
EUW1_5754592808;red
EUW1_5754594762;red
EUW1_5754597723;red
EUW1_5754598941;red
EUW1_5754600622;blue
EUW1_5754614590;blue
EUW1_5754616792;red
EUW1_5754632521;red
EUW1_5754634087;red
EUW1_5754638687;red
EUW1_5754647417;red
EUW1_5754652718;red
EUW1_5754658453;red
EUW1_5754662063;red
EUW1_5754667050;blue
EUW1_5754671438;red
EUW1_5754672967;red
EUW1_5754688167;red
EUW1_5754689448;blue
EUW1_5754697994;blue
EUW1_5754698273;red
EUW1_5754698926;blue
EUW1_5754712784;red
EUW1_5754714229;red
EUW1_5754720025;red
EUW1_5754723509;red
EUW1_5754724753;red
EUW1_5754733684;red
EUW1_5754733910;blue
EUW1_5754735411;blue
EUW1_5754745200;red
EUW1_5754750369;red
EUW1_5754763486;red
EUW1_5754770544;red
EUW1_5754775450;red
EUW1_5754778125;red
EUW1_5754778289;red
EUW1_5754784783;red
EUW1_5754791265;blue
EUW1_5754794321;blue
EUW1_5754804203;blue
EUW1_5754806402;red
EUW1_5754813100;blue
EUW1_5754831673;blue
EUW1_5754836817;blue
EUW1_5754844808;red
EUW1_5754847374;blue
EUW1_5754850949;red
EUW1_5754851302;red
EUW1_5754854128;red
EUW1_5754854498;red
EUW1_5754860505;blue
EUW1_5754861330;red
EUW1_5754864853;blue
EUW1_5754878257;red
EUW1_5754887277;red
EUW1_5754887457;red
EUW1_5754889723;red
EUW1_5754895305;blue
EUW1_5754896511;blue
EUW1_5754897350;blue
EUW1_5754898145;red
EUW1_5754908732;blue
EUW1_5754911544;red
EUW1_5754924370;blue
EUW1_5754932387;blue
EUW1_5754946244;blue
EUW1_5754947289;red
EUW1_5754953163;blue
EUW1_5754954702;blue
EUW1_5754956125;blue
EUW1_5754967533;red
EUW1_5754970019;blue
EUW1_5754974758;blue
EUW1_5754982377;red
EUW1_5754993484;blue
EUW1_5754998726;red
EUW1_5755000993;red
EUW1_5755001809;blue
EUW1_5755003125;red
EUW1_5755005410;blue
EUW1_5755005750;blue
EUW1_5755007584;red
EUW1_5755009629;blue
EUW1_5755032282;blue
EUW1_5755037385;blue
EUW1_5755038501;red
EUW1_5755047482;red
EUW1_5755053305;blue
EUW1_5755059548;red
EUW1_5755060486;blue
EUW1_5755064570;blue
EUW1_5755067178;red
EUW1_5755068857;blue
EUW1_5755070749;red
EUW1_5755073040;red
EUW1_5755073304;blue
EUW1_5755083029;blue
EUW1_5755089472;red
EUW1_5755105110;blue
EUW1_5755111622;blue
EUW1_5755124795;red
EUW1_5755130586;red
EUW1_5755132369;red
EUW1_5755134604;blue
EUW1_5755137070;red
EUW1_5755142093;red
EUW1_5755153920;red
EUW1_5755159832;blue
EUW1_5755189768;red
EUW1_5755197367;blue
EUW1_5755211943;blue
EUW1_5755213747;blue
EUW1_5755219903;red
EUW1_5755220521;red
EUW1_5755222843;red
EUW1_5755233003;red
EUW1_5755235812;red
EUW1_5755236208;red
EUW1_5755243233;blue
EUW1_5755245507;blue
EUW1_5755250517;red
EUW1_5755255886;blue
EUW1_5755257031;blue
EUW1_5755260037;blue
EUW1_5755264099;red
EUW1_5755267077;blue
EUW1_5755268598;red
EUW1_5755272707;blue
EUW1_5755288522;red
EUW1_5755290927;blue
EUW1_5755297480;red
EUW1_5755300160;red
EUW1_5755302785;red
EUW1_5755315006;blue
EUW1_5755316162;red
EUW1_5755323629;red
EUW1_5755325064;red
EUW1_5755326143;red
EUW1_5755327784;blue
EUW1_5755331468;blue
EUW1_5755333328;red
EUW1_5755337699;red
EUW1_5755342379;blue
EUW1_5755342562;red
EUW1_5755346032;red
EUW1_5755354833;blue
EUW1_5755355719;red
EUW1_5755356783;red
EUW1_5755364322;red
EUW1_5755364563;blue
EUW1_5755366341;blue
EUW1_5755367768;blue
EUW1_5755370428;red
EUW1_5755374630;blue
EUW1_5755375539;blue
EUW1_5755379004;blue
EUW1_5755381798;red
EUW1_5755387551;blue
EUW1_5755388404;blue
EUW1_5755389214;red
EUW1_5755391504;blue
EUW1_5755392170;red
EUW1_5755392391;red
EUW1_5755394131;red
EUW1_5755403255;blue
EUW1_5755407900;blue
EUW1_5755408521;red
EUW1_5755426029;red
EUW1_5755431324;red
EUW1_5755432630;red
EUW1_5755439560;blue
EUW1_5755443979;red
EUW1_5755445835;blue
EUW1_5755459182;red
EUW1_5755459529;red
EUW1_5755463779;blue
EUW1_5755465194;red
EUW1_5755467066;blue
EUW1_5755479645;blue
EUW1_5755487986;blue
EUW1_5755490274;red
EUW1_5755492747;blue
EUW1_5755493087;blue
EUW1_5755493740;blue
EUW1_5755496766;red
EUW1_5755499389;blue
EUW1_5755501049;blue
EUW1_5755503175;red
EUW1_5755505110;blue
EUW1_5755509333;red
EUW1_5755511281;red
EUW1_5755512102;red
EUW1_5755519839;red
EUW1_5755520739;red
EUW1_5755525490;red
EUW1_5755542079;blue
EUW1_5755546657;blue
EUW1_5755546824;red
EUW1_5755558846;red
EUW1_5755569150;red
EUW1_5755572399;red
EUW1_5755575979;red
EUW1_5755577746;red
EUW1_5755594654;red
EUW1_5755596458;red
EUW1_5755597449;blue
EUW1_5755598963;blue
EUW1_5755602432;red
EUW1_5755602719;blue
EUW1_5755602960;blue
EUW1_5755605812;red
EUW1_5755612877;blue
EUW1_5755613689;red
EUW1_5755613999;red
EUW1_5755617823;red
EUW1_5755625160;blue
EUW1_5755635559;red
EUW1_5755636078;red
EUW1_5755638389;blue
EUW1_5755639298;red
EUW1_5755643700;red
EUW1_5755650310;red
EUW1_5755651354;blue
EUW1_5755658379;red
EUW1_5755659518;blue
EUW1_5755661348;red
EUW1_5755665956;red
EUW1_5755666491;red
EUW1_5755666727;red
EUW1_5755671128;blue
EUW1_5755672691;blue
EUW1_5755673037;blue
EUW1_5755675266;red
EUW1_5755676683;blue
EUW1_5755681098;red
EUW1_5755684089;red
EUW1_5755685939;red
EUW1_5755686147;red
EUW1_5755687583;blue
EUW1_5755701318;blue
EUW1_5755708431;blue
EUW1_5755717021;blue
EUW1_5755729321;blue
EUW1_5755730732;red
EUW1_5755732321;red
EUW1_5755748815;red
EUW1_5755749362;red
EUW1_5755750826;red
EUW1_5755755596;blue
EUW1_5755757450;red
EUW1_5755764590;blue
EUW1_5755773604;blue
EUW1_5755777427;red
EUW1_5755780660;blue
EUW1_5755788090;blue
EUW1_5755798068;blue
EUW1_5755799599;blue
EUW1_5755801351;red
EUW1_5755808476;red
EUW1_5755808773;blue
EUW1_5755811064;blue
EUW1_5755811332;blue
EUW1_5755817039;red
EUW1_5755821301;red
EUW1_5755821308;blue
EUW1_5755829866;blue
EUW1_5755830411;red
EUW1_5755830766;blue
EUW1_5755832361;blue
EUW1_5755834816;blue
EUW1_5755837707;blue
EUW1_5755839699;red
EUW1_5755860359;blue
EUW1_5755866106;red
EUW1_5755880421;blue
EUW1_5755882846;blue
EUW1_5755888937;blue
EUW1_5755901971;blue
EUW1_5755904858;blue
EUW1_5755906125;blue
EUW1_5755922197;red
EUW1_5755922269;red
EUW1_5755924203;red
EUW1_5755924278;blue
EUW1_5755933542;blue
EUW1_5755937785;blue
EUW1_5755939511;blue
EUW1_5755942480;red
EUW1_5755958285;blue
EUW1_5755966553;red
EUW1_5755973852;red
EUW1_5755979690;red
EUW1_5755980690;red
EUW1_5755982831;red
EUW1_5755984983;red
EUW1_5755990215;red
EUW1_5755990809;blue
EUW1_5755996381;red
EUW1_5756012136;red
EUW1_5756016323;red
EUW1_5756021220;red
EUW1_5756029782;red
EUW1_5756094745;blue
EUW1_5756101937;blue
EUW1_5756108225;blue
EUW1_5756109391;blue
EUW1_5756119548;blue
EUW1_5756123724;red
EUW1_5756131698;red
EUW1_5756131954;red
EUW1_5756152196;blue
EUW1_5756155084;red
EUW1_5756160476;blue
EUW1_5756161377;blue
EUW1_5756166596;red
EUW1_5756168989;blue
EUW1_5756173612;blue
EUW1_5756174891;blue
EUW1_5756189486;red
EUW1_5756189619;blue
EUW1_5756189766;blue
EUW1_5756214274;blue
EUW1_5756216292;blue
EUW1_5756217868;red
EUW1_5756218867;blue
EUW1_5756219345;blue
EUW1_5756300150;red
EUW1_5756305507;blue
EUW1_5756305796;blue
EUW1_5756308642;blue
EUW1_5756312218;blue
EUW1_5756330811;red
EUW1_5756337827;red
EUW1_5756349724;red
EUW1_5756365229;red
EUW1_5756368460;red
EUW1_5756381686;blue
EUW1_5756382864;blue
EUW1_5756392534;blue
EUW1_5756394989;blue
EUW1_5756396868;red
EUW1_5756404607;red
EUW1_5756482278;blue
EUW1_5756503034;blue
EUW1_5756508360;red
EUW1_5756527130;red
EUW1_5756530099;blue
EUW1_5756530956;blue
EUW1_5756538928;red
EUW1_5756539608;blue
EUW1_5756543558;blue
EUW1_5756566279;blue
EUW1_5756574096;blue
EUW1_5756575045;red
EUW1_5756576006;red
EUW1_5756592084;red
EUW1_5756592421;blue
EUW1_5756599905;blue
EUW1_5756602375;red
EUW1_5756605615;red
EUW1_5756606249;blue
EUW1_5756607820;blue
EUW1_5756670825;red
EUW1_5756679868;blue
EUW1_5756696641;red
EUW1_5756702884;blue
EUW1_5756703398;red
EUW1_5756706962;red
EUW1_5756721894;blue
EUW1_5756724183;blue
EUW1_5756725640;red
EUW1_5756727256;red
EUW1_5756727362;red
EUW1_5756729169;blue
EUW1_5756735755;blue
EUW1_5756740453;blue
EUW1_5756740556;red
EUW1_5756743687;blue
EUW1_5756747159;blue
EUW1_5756757238;red
EUW1_5756757965;blue
EUW1_5756761447;red
EUW1_5756762853;red
EUW1_5756773905;blue
EUW1_5756790863;red
EUW1_5756807456;blue
EUW1_5756829030;red
EUW1_5756847396;red
EUW1_5756850982;red
EUW1_5756854489;blue
EUW1_5756855413;red
EUW1_5756857946;blue
EUW1_5756860665;blue
EUW1_5756861740;blue
EUW1_5756865771;blue
EUW1_5756868473;blue
EUW1_5756869182;red
EUW1_5756870857;red
EUW1_5756871180;blue
EUW1_5756872649;blue
EUW1_5756873485;red
EUW1_5756880840;blue
EUW1_5756881259;red
EUW1_5756882838;blue
EUW1_5756883831;red
EUW1_5756888058;red
EUW1_5756890426;blue
EUW1_5756891967;red
EUW1_5756893733;blue
EUW1_5756908323;red
EUW1_5756910626;red
EUW1_5756915982;red
EUW1_5756924154;blue
EUW1_5756924517;blue
EUW1_5756924887;red
EUW1_5756938638;red
EUW1_5756955517;blue
EUW1_5756956871;red
EUW1_5756958974;red
EUW1_5756959314;red
EUW1_5756961405;red
EUW1_5756981909;blue
EUW1_5756983745;blue
EUW1_5756985618;red
EUW1_5756998586;blue
EUW1_5757001370;blue
EUW1_5757002690;blue
EUW1_5757012028;red
EUW1_5757015196;blue
EUW1_5757023127;blue
EUW1_5757039998;red
EUW1_5757040297;blue
EUW1_5757040398;blue
EUW1_5757042759;red
EUW1_5757046160;red
EUW1_5757053648;red
EUW1_5757054971;red
EUW1_5757056330;blue
EUW1_5757060554;blue
EUW1_5757063731;red
EUW1_5757068817;red
EUW1_5757074724;red
EUW1_5757075105;blue
EUW1_5757076246;blue
EUW1_5757086447;blue
EUW1_5757087050;red
EUW1_5757087282;red
EUW1_5757087962;red
EUW1_5757088273;blue
EUW1_5757090360;red
EUW1_5757092716;blue
EUW1_5757093703;red
EUW1_5757093955;blue
EUW1_5757094797;blue
EUW1_5757099400;red
EUW1_5757100270;red
EUW1_5757102417;red
EUW1_5757107358;red
EUW1_5757107448;blue
EUW1_5757116552;blue
EUW1_5757117991;blue
EUW1_5757118530;red
EUW1_5757123785;red
EUW1_5757128102;blue
EUW1_5757131424;red
EUW1_5757134677;blue
EUW1_5757137292;blue
EUW1_5757139447;blue
EUW1_5757139612;blue
EUW1_5757139833;blue
EUW1_5757143802;blue
EUW1_5757147280;red
EUW1_5757150171;blue
EUW1_5757151738;blue
EUW1_5757154256;blue
EUW1_5757155425;blue
EUW1_5757156105;red
EUW1_5757168037;blue
EUW1_5757170241;red
EUW1_5757172589;blue
EUW1_5757177304;red
EUW1_5757178209;blue
EUW1_5757180010;blue
EUW1_5757180951;red
EUW1_5757181173;blue
EUW1_5757182756;red
EUW1_5757184004;red
EUW1_5757184513;red
EUW1_5757190702;red
EUW1_5757193792;blue
EUW1_5757194599;blue
EUW1_5757205151;red
EUW1_5757205255;blue
EUW1_5757206232;red
EUW1_5757208550;blue
EUW1_5757210964;red
EUW1_5757211612;blue
EUW1_5757216987;blue
EUW1_5757218030;red
EUW1_5757219868;blue
EUW1_5757232879;blue
EUW1_5757235170;blue
EUW1_5757235464;red
EUW1_5757241433;blue
EUW1_5757244698;red
EUW1_5757250012;red
EUW1_5757251504;red
EUW1_5757253421;red
EUW1_5757257611;blue
EUW1_5757258140;red
EUW1_5757258376;blue
EUW1_5757258763;red
EUW1_5757264201;blue
EUW1_5757266804;blue
EUW1_5757268995;red
EUW1_5757272072;red
EUW1_5757284843;blue
EUW1_5757287151;red
EUW1_5757288309;red
EUW1_5757291562;red
EUW1_5757303285;blue
EUW1_5757305316;red
EUW1_5757306761;red
EUW1_5757323196;blue
EUW1_5757323966;blue
EUW1_5757328376;blue
EUW1_5757330166;red
EUW1_5757333576;red
EUW1_5757338201;red
EUW1_5757338871;red
EUW1_5757341252;red
EUW1_5757343628;red
EUW1_5757343724;red
EUW1_5757345350;blue
EUW1_5757348061;red
EUW1_5757348751;red
EUW1_5757352541;red
EUW1_5757356564;red
EUW1_5757358127;blue
EUW1_5757364752;red
EUW1_5757370820;red
EUW1_5757373924;blue
EUW1_5757378819;blue
EUW1_5757382142;red
EUW1_5757387072;blue
EUW1_5757389181;red
EUW1_5757391210;blue
EUW1_5757393930;blue
EUW1_5757394789;blue
EUW1_5757396924;red
EUW1_5757401303;red
EUW1_5757403498;blue
EUW1_5757407131;blue
EUW1_5757409339;red
EUW1_5757415745;red
EUW1_5757420096;blue
EUW1_5757421582;red
EUW1_5757424299;red
EUW1_5757424402;blue
EUW1_5757441272;blue
EUW1_5757445346;blue
EUW1_5757454380;blue
EUW1_5757455100;blue
EUW1_5757460056;red
EUW1_5757472243;red
EUW1_5757474490;blue
EUW1_5757476983;red
EUW1_5757477981;red
EUW1_5757479044;blue
EUW1_5757488675;red
EUW1_5757494868;red
EUW1_5757498077;red
EUW1_5757501671;red
EUW1_5757508357;red
EUW1_5757512110;red
EUW1_5757520469;blue
EUW1_5757522858;blue
EUW1_5757525916;red
EUW1_5757541245;red
EUW1_5757542628;blue
EUW1_5757543949;red
EUW1_5757547068;blue
EUW1_5757549136;blue
EUW1_5757554285;blue
EUW1_5757554797;blue
EUW1_5757558252;blue
EUW1_5757562087;blue
EUW1_5757564702;red
EUW1_5757568716;red
EUW1_5757569807;blue
EUW1_5757574533;blue
EUW1_5757575435;red
EUW1_5757584596;blue
EUW1_5757586777;red
EUW1_5757589926;blue
EUW1_5757591407;red
EUW1_5757597391;red
EUW1_5757602583;blue
EUW1_5757605703;blue
EUW1_5757609838;blue
EUW1_5757610044;red
EUW1_5757611302;red
EUW1_5757611477;red
EUW1_5757615281;red
EUW1_5757622857;red
EUW1_5757646354;blue
EUW1_5757647134;blue
EUW1_5757647678;red
EUW1_5757658196;blue
EUW1_5757660649;red
EUW1_5757666185;blue
EUW1_5757671170;blue
EUW1_5757672392;red
EUW1_5757672531;red
EUW1_5757673251;blue
EUW1_5757673684;red
EUW1_5757675095;blue
EUW1_5757684535;red
EUW1_5757685404;red
EUW1_5757697235;red
EUW1_5757699086;blue
EUW1_5757699252;red
EUW1_5757711306;blue
EUW1_5757712814;red
EUW1_5757715167;red
EUW1_5757726454;red
EUW1_5757729241;blue
EUW1_5757737665;red
EUW1_5757741020;red
EUW1_5757741382;blue
EUW1_5757742854;blue
EUW1_5757755832;blue
EUW1_5757755949;red
EUW1_5757756300;red
EUW1_5757760901;red
EUW1_5757768352;blue
EUW1_5757771436;red
EUW1_5757774503;red
EUW1_5757782443;red
EUW1_5757786124;red
EUW1_5757787393;blue
EUW1_5757788183;red
EUW1_5757794567;red
EUW1_5757796505;red
EUW1_5757807417;red
EUW1_5757810156;blue
EUW1_5757813744;blue
EUW1_5757820811;red
EUW1_5757823677;red
EUW1_5757826269;red
EUW1_5757831218;blue
EUW1_5757831967;red
EUW1_5757838087;blue
EUW1_5757839469;blue
EUW1_5757841425;blue
EUW1_5757847990;blue
EUW1_5757855561;blue
EUW1_5757859414;blue
EUW1_5757860278;red
EUW1_5757863116;red
EUW1_5757868781;red
EUW1_5757869704;red
EUW1_5757874052;red
EUW1_5757879897;blue
EUW1_5757881378;red
EUW1_5757882222;red
EUW1_5757882792;red
EUW1_5757895467;blue
EUW1_5757896811;blue
EUW1_5757900611;blue
EUW1_5757900648;red
EUW1_5757908845;blue
EUW1_5757909653;blue
EUW1_5757914101;red
EUW1_5757915423;red
EUW1_5757921357;red
EUW1_5757931156;blue
EUW1_5757931428;red
EUW1_5757935262;blue
EUW1_5757935311;blue
EUW1_5757939054;red
EUW1_5757945244;blue
EUW1_5757945792;red
EUW1_5757952332;red
EUW1_5757953623;blue
EUW1_5757956345;red
EUW1_5757965801;blue
EUW1_5757966112;red
EUW1_5757966963;red
EUW1_5757978414;blue
EUW1_5757980420;blue
EUW1_5757988974;blue
EUW1_5757989469;blue
EUW1_5757997824;blue
EUW1_5757999493;red
EUW1_5758008873;blue
EUW1_5758012689;red
EUW1_5758016568;blue
EUW1_5758020929;blue
EUW1_5758021186;blue
EUW1_5758030265;blue
EUW1_5758033703;blue
EUW1_5758035524;blue
EUW1_5758036036;blue
EUW1_5758042621;red
EUW1_5758042737;red
EUW1_5758045877;red
EUW1_5758046050;blue
EUW1_5758052597;red
EUW1_5758054080;blue
EUW1_5758065285;red
EUW1_5758066963;red
EUW1_5758078294;red
EUW1_5758078650;red
EUW1_5758080601;blue
EUW1_5758082127;red
EUW1_5758083629;blue
EUW1_5758085890;red
EUW1_5758087350;red
EUW1_5758091682;red
EUW1_5758092260;blue
EUW1_5758093571;red
EUW1_5758097932;red
EUW1_5758100963;red
EUW1_5758101606;blue
EUW1_5758102318;blue
EUW1_5758103003;blue
EUW1_5758103371;red
EUW1_5758105650;blue
EUW1_5758106125;blue
EUW1_5758106129;blue
EUW1_5758109587;blue
EUW1_5758114177;red
EUW1_5758114811;red
EUW1_5758130654;red
EUW1_5758134395;red
EUW1_5758135653;red
EUW1_5758138315;blue
EUW1_5758140064;red
EUW1_5758140165;blue
EUW1_5758148552;red
EUW1_5758152090;blue
EUW1_5758155222;blue
EUW1_5758156213;red
EUW1_5758157941;red
EUW1_5758167806;red
EUW1_5758169368;red
EUW1_5758169534;red
EUW1_5758176920;red
EUW1_5758177256;blue
EUW1_5758183147;blue
EUW1_5758189229;red
EUW1_5758191259;blue
EUW1_5758192816;red
EUW1_5758195056;blue
EUW1_5758196591;blue
EUW1_5758202397;blue
EUW1_5758203629;red
EUW1_5758210721;blue
EUW1_5758212207;red
EUW1_5758214011;red
EUW1_5758215870;blue
EUW1_5758223665;blue
EUW1_5758233872;red
EUW1_5758235036;red
EUW1_5758242779;blue
EUW1_5758246110;blue
EUW1_5758256153;blue
EUW1_5758271682;blue
EUW1_5758273026;red
EUW1_5758274282;red
EUW1_5758293642;red
EUW1_5758294242;blue
EUW1_5758298506;blue
EUW1_5758300125;red
EUW1_5758307085;blue
EUW1_5758307983;red
EUW1_5758334354;red
EUW1_5758335362;red
EUW1_5758339304;red
EUW1_5758340196;blue
EUW1_5758342700;red
EUW1_5758346339;red
EUW1_5758361690;red
EUW1_5758365781;blue
EUW1_5758370324;blue
EUW1_5758374855;blue
EUW1_5758375707;blue
EUW1_5758376741;blue
EUW1_5758388142;red
EUW1_5758389070;red
EUW1_5758393211;blue
EUW1_5758396925;red
EUW1_5758412194;red
EUW1_5758417941;blue
EUW1_5758752328;red
EUW1_5758753440;blue
EUW1_5758753656;red
EUW1_5758755673;red
EUW1_5758756987;red
EUW1_5758757845;red
EUW1_5758759027;red
EUW1_5758759858;red
EUW1_5758763870;red
EUW1_5758764515;red
EUW1_5758765577;red
EUW1_5758769018;blue
EUW1_5758771309;red
EUW1_5758771542;blue
EUW1_5758771919;red
EUW1_5758772402;red
EUW1_5758774997;blue
EUW1_5758776274;blue
EUW1_5758777621;blue
EUW1_5758786356;blue
EUW1_5758787725;blue
EUW1_5758790109;blue
EUW1_5758791553;red
EUW1_5758792979;red
EUW1_5758795070;blue
EUW1_5758799665;red
EUW1_5758807278;blue
EUW1_5758809802;blue
EUW1_5758810951;red
EUW1_5758812689;blue
EUW1_5758816386;red
EUW1_5758818206;blue
EUW1_5758824966;blue
EUW1_5758825100;blue
EUW1_5758827916;red
EUW1_5758839193;red
EUW1_5758840330;red
EUW1_5758842683;blue
EUW1_5758848551;red
EUW1_5758850927;blue
EUW1_5758857838;red
EUW1_5758858637;blue
EUW1_5758860177;blue
EUW1_5758861197;red
EUW1_5758862795;blue
EUW1_5758863823;blue
EUW1_5758866528;red
EUW1_5758875842;blue
EUW1_5758883724;red
EUW1_5758883997;red
EUW1_5758884693;blue
EUW1_5758891346;blue
EUW1_5758891858;red
EUW1_5758899871;red
EUW1_5758905326;blue
EUW1_5758907188;blue
EUW1_5758912269;blue
EUW1_5758912307;blue
EUW1_5758916268;blue
EUW1_5758917326;red
EUW1_5758917841;blue
EUW1_5758920123;red
EUW1_5758923266;red
EUW1_5758926468;red
EUW1_5758928615;red
EUW1_5758929140;red
EUW1_5758930867;blue
EUW1_5758932145;blue
EUW1_5758934492;blue
EUW1_5758940033;red
EUW1_5758941290;red
EUW1_5758943573;blue
EUW1_5758944995;red
EUW1_5758956186;blue
EUW1_5758958901;blue
EUW1_5758963689;blue
EUW1_5758965962;blue
EUW1_5758966170;blue
EUW1_5758972551;blue
EUW1_5758974779;red
EUW1_5758977529;blue
EUW1_5758977625;red
EUW1_5758983333;blue
EUW1_5758988042;red
EUW1_5758989257;red
EUW1_5758991510;red
EUW1_5758991756;red
EUW1_5758992888;red
EUW1_5758993182;blue
EUW1_5758994348;blue
EUW1_5759007008;red
EUW1_5759008143;red
EUW1_5759010990;blue
EUW1_5759012521;blue
EUW1_5759015525;blue
EUW1_5759032246;red
EUW1_5759033664;blue
EUW1_5759033878;blue
EUW1_5759046195;red
EUW1_5759047856;blue
EUW1_5759050372;red
EUW1_5759051290;red
EUW1_5759057703;red
EUW1_5759059885;blue
EUW1_5759068758;blue
EUW1_5759082405;red
EUW1_5759084029;blue
EUW1_5759084488;blue
EUW1_5759088975;red
EUW1_5759090673;red
EUW1_5759095709;red
EUW1_5759097899;red
EUW1_5759105597;blue
EUW1_5759107690;blue
EUW1_5759112143;blue
EUW1_5759113998;blue
EUW1_5759115993;red
EUW1_5759118857;red
EUW1_5759120537;blue
EUW1_5759122063;red
EUW1_5759129679;blue
EUW1_5759130386;blue
EUW1_5759133069;red
EUW1_5759133201;red
EUW1_5759136536;red
EUW1_5759156603;blue
EUW1_5759161310;blue
EUW1_5759167177;red
EUW1_5759169248;blue
EUW1_5759180235;blue
EUW1_5759186314;red
EUW1_5759188102;blue
EUW1_5759189363;red
EUW1_5759191760;red
EUW1_5759195242;blue
EUW1_5759201153;red
EUW1_5759202829;red
EUW1_5759203408;blue
EUW1_5759205370;red
EUW1_5759209398;red
EUW1_5759213245;blue
EUW1_5759214822;blue
EUW1_5759215270;blue
EUW1_5759216535;red
EUW1_5759218799;blue
EUW1_5759222201;red
EUW1_5759223963;red
EUW1_5759227793;blue
EUW1_5759236243;blue
EUW1_5759241677;red
EUW1_5759242629;red
EUW1_5759257824;red
EUW1_5759267342;blue
EUW1_5759276166;red
EUW1_5759276607;blue
EUW1_5759278667;blue
EUW1_5759282887;blue
EUW1_5759283562;blue
EUW1_5759288598;blue
EUW1_5759294536;blue
EUW1_5759300304;blue
EUW1_5759301329;red
EUW1_5759301863;blue
EUW1_5759303018;blue
EUW1_5759303765;blue
EUW1_5759307612;blue
EUW1_5759309708;red
EUW1_5759312213;blue
EUW1_5759316639;red
EUW1_5759318668;blue
EUW1_5759331431;blue
EUW1_5759334587;blue
EUW1_5759344776;red
EUW1_5759352899;red
EUW1_5759355984;blue
EUW1_5759358872;red
EUW1_5759360012;red
EUW1_5759364772;blue
EUW1_5759369017;red
EUW1_5759372193;red
EUW1_5759387093;blue
EUW1_5759388319;blue
EUW1_5759410621;blue
EUW1_5759411867;blue
EUW1_5759413960;blue
EUW1_5759417795;red
EUW1_5759429426;blue
EUW1_5759433507;red
EUW1_5759436035;blue
EUW1_5759436652;blue
EUW1_5759449706;red
EUW1_5759452583;blue
EUW1_5759456244;blue
EUW1_5759456765;red
EUW1_5759464631;blue
EUW1_5759464689;blue
EUW1_5759470705;blue
EUW1_5759473862;red
EUW1_5759484244;red
EUW1_5759487439;blue
EUW1_5759488175;blue
EUW1_5759489167;blue
EUW1_5759491267;red
EUW1_5759492722;blue
EUW1_5759498307;blue
EUW1_5759508698;red
EUW1_5759512196;blue
EUW1_5759520183;blue
EUW1_5759525324;red
EUW1_5759527325;blue
EUW1_5759529613;blue
EUW1_5759543274;blue
EUW1_5759553625;red
EUW1_5759554336;red
EUW1_5759563174;blue
EUW1_5759566070;red
EUW1_5759567191;red
EUW1_5759574569;blue
EUW1_5759574884;red
EUW1_5759577520;red
EUW1_5759579744;red
EUW1_5759580280;blue
EUW1_5759580526;blue
EUW1_5759580637;red
EUW1_5759581221;red
EUW1_5759583246;blue
EUW1_5759584113;red
EUW1_5759586223;red
EUW1_5759588682;red
EUW1_5759589304;blue
EUW1_5759596289;red
EUW1_5759600067;red
EUW1_5759602606;red
EUW1_5759603102;red
EUW1_5759603672;blue
EUW1_5759605509;blue
EUW1_5759606110;red
EUW1_5759619449;red
EUW1_5759619750;blue
EUW1_5759623203;red
EUW1_5759625610;red
EUW1_5759626477;red
EUW1_5759631427;blue
EUW1_5759644625;blue
EUW1_5759647671;red
EUW1_5759652216;blue
EUW1_5759659043;blue
EUW1_5759662505;red
EUW1_5759663497;red
EUW1_5759666604;blue
EUW1_5759667741;blue
EUW1_5759674439;red
EUW1_5759679412;blue
EUW1_5759683853;blue
EUW1_5759686700;blue
EUW1_5759693275;red
EUW1_5759695026;red
EUW1_5759696944;red
EUW1_5759697940;red
EUW1_5759700672;red
EUW1_5759705210;blue
EUW1_5759705377;red
EUW1_5759706334;blue
EUW1_5759708333;red
EUW1_5759711027;red
EUW1_5759711814;blue
EUW1_5759712496;red
EUW1_5759714864;blue
EUW1_5759716268;blue
EUW1_5759717679;blue
EUW1_5759719918;blue
EUW1_5759721759;red
EUW1_5759722123;red
EUW1_5759729799;red
EUW1_5759734160;red
EUW1_5759734623;red
EUW1_5759735165;blue
EUW1_5759735591;blue
EUW1_5759738682;red
EUW1_5759739214;red
EUW1_5759741300;red
EUW1_5759742792;red
EUW1_5759748619;blue
EUW1_5759751988;red
EUW1_5759758544;red
EUW1_5759759849;blue
EUW1_5759759970;blue
EUW1_5759763836;blue
EUW1_5759765273;blue
EUW1_5759770830;blue
EUW1_5759770855;blue
EUW1_5759784178;blue
EUW1_5759787543;blue
EUW1_5759791205;blue
EUW1_5759796580;blue
EUW1_5759799016;red
EUW1_5759807194;red
EUW1_5759809297;red
EUW1_5759810190;blue
EUW1_5759811174;red
EUW1_5759813650;blue
EUW1_5759814040;red
EUW1_5759814277;red
EUW1_5759819717;blue
EUW1_5759822484;red
EUW1_5759825328;red
EUW1_5759825592;blue
EUW1_5759825912;red
EUW1_5759827854;blue
EUW1_5759828586;red
EUW1_5759835045;blue
EUW1_5759836498;red
EUW1_5759836919;blue
EUW1_5759839273;blue
EUW1_5759841494;red
EUW1_5759842954;red
EUW1_5759844606;red
EUW1_5759854069;blue
EUW1_5759855645;red
EUW1_5759856782;red
EUW1_5759862659;blue
EUW1_5759863754;red
EUW1_5759867184;blue
EUW1_5759870038;blue
EUW1_5759873192;red
EUW1_5759888274;blue
EUW1_5759890182;blue
EUW1_5759898602;blue
EUW1_5759900968;blue
EUW1_5759904880;red
EUW1_5759908902;red
EUW1_5759915976;blue
EUW1_5759916979;blue
EUW1_5759920615;red
EUW1_5759921813;blue
EUW1_5759931316;red
EUW1_5759942088;red
EUW1_5759944039;red
EUW1_5759945571;red
EUW1_5759948471;blue
EUW1_5759951288;red
EUW1_5759958269;blue
EUW1_5759958508;red
EUW1_5759960045;blue
EUW1_5759964832;red
EUW1_5759964968;red
EUW1_5759966555;red
EUW1_5759967330;red
EUW1_5759967734;red
EUW1_5759972688;red
EUW1_5759973041;red
EUW1_5759986026;red
EUW1_5759986697;red
EUW1_5759993612;blue
EUW1_5759994076;red
EUW1_5759997100;blue
EUW1_5760002031;blue
EUW1_5760002783;red
EUW1_5760003333;red
EUW1_5760009719;blue
EUW1_5760015088;red
EUW1_5760022937;blue
EUW1_5760023710;red
EUW1_5760025551;blue
EUW1_5760029412;blue
EUW1_5760029492;red
EUW1_5760031598;blue
EUW1_5760033171;red
EUW1_5760036392;red
EUW1_5760038025;red
EUW1_5760038575;blue
EUW1_5760038843;blue
EUW1_5760040872;red
EUW1_5760050269;red
EUW1_5760054674;blue
EUW1_5760061599;blue
EUW1_5760062326;blue
EUW1_5760063067;red
EUW1_5760066653;blue
EUW1_5760069993;blue
EUW1_5760070028;red
EUW1_5760070516;red
EUW1_5760074020;red
EUW1_5760075320;red
EUW1_5760076261;red
EUW1_5760078734;red
EUW1_5760082706;red
EUW1_5760086796;blue
EUW1_5760086992;red
EUW1_5760090404;red
EUW1_5760090859;red
EUW1_5760091945;blue
EUW1_5760093117;blue
EUW1_5760094398;blue
EUW1_5760095060;blue
EUW1_5760098063;red
EUW1_5760103406;blue
EUW1_5760106711;red
EUW1_5760107777;blue
EUW1_5760108444;red
EUW1_5760109148;blue
EUW1_5760114784;red
EUW1_5760116213;blue
EUW1_5760121420;red
EUW1_5760121710;blue
EUW1_5760124597;blue
EUW1_5760127155;blue
EUW1_5760131616;red
EUW1_5760132684;red
EUW1_5760134277;red
EUW1_5760138959;red
EUW1_5760141690;red
EUW1_5760145112;blue
EUW1_5760148898;blue
EUW1_5760153784;blue
EUW1_5760154997;blue
EUW1_5760156977;red
EUW1_5760161955;red
EUW1_5760161986;blue
EUW1_5760163261;blue
EUW1_5760169738;red
EUW1_5760169813;blue
EUW1_5760169939;red
EUW1_5760171375;red
EUW1_5760171378;blue
EUW1_5760175614;blue
EUW1_5760186728;red
EUW1_5760188546;blue
EUW1_5760189951;blue
EUW1_5760190579;blue
EUW1_5760192561;blue
EUW1_5760196517;red
EUW1_5760202650;blue
EUW1_5760203895;blue
EUW1_5760205176;red
EUW1_5760205429;blue
EUW1_5760210399;blue
EUW1_5760213478;blue
EUW1_5760215047;red
EUW1_5760215304;blue
EUW1_5760216783;red
EUW1_5760219099;blue
EUW1_5760223712;red
EUW1_5760223949;blue
EUW1_5760227363;red
EUW1_5760230435;red
EUW1_5760234206;red
EUW1_5760238224;red
EUW1_5760243388;blue
EUW1_5760247268;blue
EUW1_5760248620;blue
EUW1_5760257356;blue
EUW1_5760257994;blue
EUW1_5760258754;blue
EUW1_5760258917;red
EUW1_5760259139;red
EUW1_5760262554;blue
EUW1_5760262982;red
EUW1_5760264082;blue
EUW1_5760271778;red
EUW1_5760276760;red
EUW1_5760278909;red
EUW1_5760279673;blue
EUW1_5760279755;red
EUW1_5760280962;red
EUW1_5760282034;red
EUW1_5760286630;blue
EUW1_5760295755;blue
EUW1_5760296544;red
EUW1_5760299390;red
EUW1_5760301928;blue
EUW1_5760311572;blue
EUW1_5760312515;blue
EUW1_5760314812;red
EUW1_5760322739;red
EUW1_5760324227;blue
EUW1_5760327069;red
EUW1_5760335062;blue
EUW1_5760335746;red
EUW1_5760336381;blue
EUW1_5760343664;red
EUW1_5760350753;red
EUW1_5760351758;red
EUW1_5760362409;blue
EUW1_5760362669;blue
EUW1_5760366778;red
EUW1_5760375461;blue
EUW1_5760376084;blue
EUW1_5760381502;red
EUW1_5760391300;blue
EUW1_5760393601;blue
EUW1_5760397444;red
EUW1_5760398306;blue
EUW1_5760402797;blue
EUW1_5760404413;blue
EUW1_5760414231;blue
EUW1_5760414630;blue
EUW1_5760418537;red
EUW1_5760422464;blue
EUW1_5760432101;blue
EUW1_5760434552;red
EUW1_5760437841;red
EUW1_5760438168;red
EUW1_5760439012;blue
EUW1_5760439825;red
EUW1_5760445239;red
EUW1_5760452485;red
EUW1_5760453364;red
EUW1_5760455981;red
EUW1_5760459642;red
EUW1_5760460565;red
EUW1_5760461790;blue
EUW1_5760462857;red
EUW1_5760462880;blue
EUW1_5760465962;red
EUW1_5760474510;blue
EUW1_5760477097;red
EUW1_5760480232;blue
EUW1_5760480751;red
EUW1_5760484375;blue
EUW1_5760498088;red
EUW1_5760498306;red
EUW1_5760499126;blue
EUW1_5760502677;red
EUW1_5760507445;blue
EUW1_5760513146;red
EUW1_5760518292;red
EUW1_5760520932;blue
EUW1_5760529250;blue
EUW1_5760535485;red
EUW1_5760536436;red
EUW1_5760536816;red
EUW1_5760563092;blue
EUW1_5760563248;red
EUW1_5760564739;red
EUW1_5760566964;red
EUW1_5760574420;red
EUW1_5760583700;red
EUW1_5760585425;blue
EUW1_5760589233;blue
EUW1_5760605993;blue
EUW1_5760610119;red
EUW1_5760618616;blue
EUW1_5760625403;red
EUW1_5760626062;red
EUW1_5760626426;blue
EUW1_5760640692;blue
EUW1_5760646719;blue
EUW1_5760647724;blue
EUW1_5760651109;blue
EUW1_5760651341;red
EUW1_5760661825;blue
EUW1_5760662997;red
EUW1_5760676292;blue
EUW1_5760679929;blue
EUW1_5760680346;red
EUW1_5760684336;blue
EUW1_5760686291;red
EUW1_5760688922;blue
EUW1_5760691441;red
EUW1_5760694552;red
EUW1_5760703876;red
EUW1_5760717162;red
EUW1_5760717649;red
EUW1_5760725736;blue
EUW1_5760729177;red
EUW1_5760737284;blue
EUW1_5760742757;red
EUW1_5760745479;blue
EUW1_5760757211;red
EUW1_5760763659;red
EUW1_5760765548;red
EUW1_5760770872;blue
EUW1_5760771439;red
EUW1_5760772425;red
EUW1_5760773145;red
EUW1_5760776986;red
EUW1_5760777128;red
EUW1_5760779207;blue
EUW1_5760792177;blue
EUW1_5760796815;red
EUW1_5760801263;red
EUW1_5760802332;red
EUW1_5760807761;red
EUW1_5760818413;blue
EUW1_5760819630;red
EUW1_5760823003;red
EUW1_5760834465;blue
EUW1_5760839516;red
EUW1_5760840311;red
EUW1_5760840862;blue
EUW1_5760847481;red
EUW1_5760941805;red
EUW1_5760945303;red
EUW1_5760946664;blue
EUW1_5760949649;blue
EUW1_5760966677;blue
EUW1_5760968121;blue
EUW1_5760971230;blue
EUW1_5760972697;blue
EUW1_5760973554;red
EUW1_5760974805;red
EUW1_5760975914;blue
EUW1_5760989609;blue
EUW1_5760992688;blue
EUW1_5761006438;blue
EUW1_5761011935;blue
EUW1_5761013129;blue
EUW1_5761020501;red
EUW1_5761026529;red
EUW1_5761029209;blue
EUW1_5761032354;red
EUW1_5761033687;red
EUW1_5761037850;red
EUW1_5761039822;blue
EUW1_5761048713;red
EUW1_5761050159;red
EUW1_5761282661;red
EUW1_5761314680;red
EUW1_5761317133;blue
EUW1_5761321756;blue
EUW1_5761323980;blue
EUW1_5761324271;blue
EUW1_5761330801;red
EUW1_5761338253;blue
EUW1_5761340155;red
EUW1_5761340170;red
EUW1_5761342238;blue
EUW1_5761346766;red
EUW1_5761347941;blue
EUW1_5761348489;red
EUW1_5761363035;red
EUW1_5761365286;blue
EUW1_5761367884;blue
EUW1_5761368582;red
EUW1_5761374195;blue
EUW1_5761375379;blue
EUW1_5761383229;blue
EUW1_5761385929;red
EUW1_5761388870;red
EUW1_5761396055;blue
EUW1_5761399066;red
EUW1_5761412111;red
EUW1_5761412853;red
EUW1_5761414613;red
EUW1_5761414936;red
EUW1_5761428602;blue
EUW1_5761430414;blue
EUW1_5761437659;blue
EUW1_5761441605;red
EUW1_5761443825;red
EUW1_5761445714;red
EUW1_5761450515;red
EUW1_5761457001;red
EUW1_5761464760;blue
EUW1_5761466060;blue
EUW1_5761468693;blue
EUW1_5761469679;red
EUW1_5761470642;red
EUW1_5761473955;blue
EUW1_5761474972;blue
EUW1_5761475161;red
EUW1_5761479205;red
EUW1_5761481827;blue
EUW1_5761482918;red
EUW1_5761488111;red
EUW1_5761492476;red
EUW1_5761494570;blue
EUW1_5761497695;blue
EUW1_5761500567;blue
EUW1_5761513541;blue
EUW1_5761528141;blue
EUW1_5761536927;red
EUW1_5761544530;blue
EUW1_5761545729;blue
EUW1_5761550699;red
EUW1_5761556095;red
EUW1_5761557412;blue
EUW1_5761560154;blue
EUW1_5761564977;red
EUW1_5761571079;red
EUW1_5761574627;red
EUW1_5761579354;red
EUW1_5761579679;red
EUW1_5761582158;red
EUW1_5761582669;red
EUW1_5761586703;red
EUW1_5761589370;blue
EUW1_5761592284;blue
EUW1_5761598161;blue
EUW1_5761600046;blue
EUW1_5761606414;red
EUW1_5761608273;blue
EUW1_5761609624;blue
EUW1_5761618109;blue
EUW1_5761621763;blue
EUW1_5761623363;red
EUW1_5761625354;blue
EUW1_5761625652;red
EUW1_5761627828;red
EUW1_5761638025;blue
EUW1_5761641452;blue
EUW1_5761642587;blue
EUW1_5761655096;blue
EUW1_5761657638;blue
EUW1_5761659246;blue
EUW1_5761660334;red
EUW1_5761668460;red
EUW1_5761672889;red
EUW1_5761678025;blue
EUW1_5761678412;red
EUW1_5761683688;red
EUW1_5761683796;red
EUW1_5761687345;blue
EUW1_5761689750;red
EUW1_5761691830;red
EUW1_5761692078;blue
EUW1_5761693719;blue
EUW1_5761694041;blue
EUW1_5761697335;red
EUW1_5761698839;red
EUW1_5761700623;red
EUW1_5761700644;red
EUW1_5761701538;blue
EUW1_5761701975;blue
EUW1_5761703654;blue
EUW1_5761704482;red
EUW1_5761705452;red
EUW1_5761706415;red
EUW1_5761715264;red
EUW1_5761717583;red
EUW1_5761719773;red
EUW1_5761720411;blue
EUW1_5761723738;blue
EUW1_5761725725;blue
EUW1_5761727016;red
EUW1_5761727091;red
EUW1_5761728941;red
EUW1_5761732335;red
EUW1_5761754819;red
EUW1_5761759929;blue
EUW1_5761761596;red
EUW1_5761762004;blue
EUW1_5761762333;red
EUW1_5761768242;red
EUW1_5761779188;red
EUW1_5761781201;blue
EUW1_5761781280;blue
EUW1_5761783844;blue
EUW1_5761789283;blue
EUW1_5761794085;red
EUW1_5761802872;red
EUW1_5761804585;blue
EUW1_5761805140;blue
EUW1_5761806650;red
EUW1_5761807611;blue
EUW1_5761812290;red
EUW1_5761820076;red
EUW1_5761822441;red
EUW1_5761824525;red
EUW1_5761826900;blue
EUW1_5761827816;red
EUW1_5761832407;red
EUW1_5761834948;red
EUW1_5761835119;red
EUW1_5761850460;blue
EUW1_5761857694;red
EUW1_5761858906;red
EUW1_5761862389;red
EUW1_5761864006;blue
EUW1_5761864665;blue
EUW1_5761866371;blue
EUW1_5761875606;red
EUW1_5761875679;blue
EUW1_5761878398;blue
EUW1_5761888493;red
EUW1_5761900485;blue
EUW1_5761909213;red
EUW1_5761913963;red
EUW1_5761921303;red
EUW1_5761923680;blue
EUW1_5761929218;blue
EUW1_5761931086;red
EUW1_5761934277;red
EUW1_5761934905;red
EUW1_5761936057;blue
EUW1_5761943819;blue
EUW1_5761944079;red
EUW1_5761945437;blue
EUW1_5761950317;red
EUW1_5761956064;red
EUW1_5761966575;red
EUW1_5761966655;blue
EUW1_5761967647;blue
EUW1_5761968227;red
EUW1_5761997481;blue
EUW1_5761998159;red
EUW1_5761999620;red
EUW1_5762001459;red
EUW1_5762001827;red
EUW1_5762003108;blue
EUW1_5762004733;red
EUW1_5762009411;blue
EUW1_5762013341;red
EUW1_5762018077;red
EUW1_5762020063;red
EUW1_5762022229;red
EUW1_5762023275;blue
EUW1_5762027886;red
EUW1_5762029340;red
EUW1_5762041839;blue
EUW1_5762046266;red
EUW1_5762046698;red
EUW1_5762052893;blue
EUW1_5762058378;blue
EUW1_5762065673;red
EUW1_5762071003;blue
EUW1_5762076268;blue
EUW1_5762087382;red
EUW1_5762101816;red
EUW1_5762107702;blue
EUW1_5762113771;red
EUW1_5762121584;red
EUW1_5762126285;blue
EUW1_5762127485;red
EUW1_5762130725;blue
EUW1_5762135680;red
EUW1_5762137194;red
EUW1_5762137539;red
EUW1_5762152968;red
EUW1_5762153815;red
EUW1_5762158052;red
EUW1_5762163974;blue
EUW1_5762168904;blue
EUW1_5762172527;blue
EUW1_5762194373;blue
EUW1_5762199510;red
EUW1_5762203125;red
EUW1_5762217687;red
EUW1_5762218138;red
EUW1_5762229638;red
EUW1_5762232955;red
EUW1_5762233401;red
EUW1_5762235212;red
EUW1_5762239107;red
EUW1_5762241556;blue
EUW1_5762241589;blue
EUW1_5762242298;blue
EUW1_5762246962;red
EUW1_5762247195;red
EUW1_5762254262;blue
EUW1_5762259102;blue
EUW1_5762260203;red
EUW1_5762269668;red
EUW1_5762276562;red
EUW1_5762298231;blue
EUW1_5762302339;red
EUW1_5762307759;blue
EUW1_5762310363;blue
EUW1_5762320234;red
EUW1_5762334016;blue
EUW1_5762334843;red
EUW1_5762335634;blue
EUW1_5762342079;red
EUW1_5762350896;blue
EUW1_5762366615;blue
EUW1_5762367407;red
EUW1_5762375425;red
EUW1_5762377689;red
EUW1_5762383903;blue
EUW1_5762386893;red
EUW1_5762388485;red
EUW1_5762389471;red
EUW1_5762392434;blue
EUW1_5762411648;blue
EUW1_5762412908;red
EUW1_5762416061;red
EUW1_5762417917;blue
EUW1_5762422338;blue
EUW1_5762426197;red
EUW1_5762427223;red
EUW1_5762428072;red
EUW1_5762429703;blue
EUW1_5762437152;red
EUW1_5762443727;blue
EUW1_5762444422;blue
EUW1_5762445153;red
EUW1_5762451335;red
EUW1_5762451574;blue
EUW1_5762456033;red
EUW1_5762488504;blue
EUW1_5762502636;red
EUW1_5762504047;blue
EUW1_5762508018;red
EUW1_5762508838;red
EUW1_5762513175;blue
EUW1_5762520515;blue
EUW1_5762521222;red
EUW1_5762523919;red
EUW1_5762526932;blue
EUW1_5762528308;blue
EUW1_5762530780;red
EUW1_5762536752;blue
EUW1_5762540329;blue
EUW1_5762542394;red
EUW1_5762547803;blue
EUW1_5762561011;red
EUW1_5762562109;blue
EUW1_5762566515;red
EUW1_5762567862;red
EUW1_5762583094;red
EUW1_5762588864;blue
EUW1_5762589694;blue
EUW1_5762592780;blue
EUW1_5762595262;red
EUW1_5762607813;red
EUW1_5762614523;red
EUW1_5762617210;blue
EUW1_5762631071;red
EUW1_5762636085;red
EUW1_5762637549;red
EUW1_5762637703;blue
EUW1_5762664525;red
EUW1_5762664980;blue
EUW1_5762665971;red
EUW1_5762673249;red
EUW1_5762673754;red
EUW1_5762680112;red
EUW1_5762682622;blue
EUW1_5762698518;red
EUW1_5762698749;blue
EUW1_5762700649;blue
EUW1_5762701371;blue
EUW1_5762702118;red
EUW1_5762705955;blue
EUW1_5762707604;blue
EUW1_5762711485;blue
EUW1_5762711611;red
EUW1_5762715100;blue
EUW1_5762721222;blue
EUW1_5762722799;red
EUW1_5762735185;blue
EUW1_5762737308;blue
EUW1_5762739157;red
EUW1_5762740733;red
EUW1_5762743811;blue
EUW1_5762752167;blue
EUW1_5762769601;blue
EUW1_5762773402;blue
EUW1_5762785997;red
EUW1_5762791545;blue
EUW1_5762802107;blue
EUW1_5762803634;blue
EUW1_5762804737;blue
EUW1_5762807657;red
EUW1_5762808230;blue
EUW1_5762809932;red
EUW1_5762817868;blue
EUW1_5762820344;red
EUW1_5762822879;red
EUW1_5762823691;red
EUW1_5762827809;blue
EUW1_5762834702;red
EUW1_5762835027;red
EUW1_5762845374;red
EUW1_5762848539;blue
EUW1_5762850392;red
EUW1_5762853681;blue
EUW1_5762855760;blue
EUW1_5762856538;red
EUW1_5762867919;blue
EUW1_5762868091;blue
EUW1_5762868928;blue
EUW1_5762869800;red
EUW1_5762871175;red
EUW1_5762874907;blue
EUW1_5762875838;blue
EUW1_5762879838;red
EUW1_5762880980;blue
EUW1_5762883847;red
EUW1_5762885914;blue
EUW1_5762886689;blue
EUW1_5762890100;red
EUW1_5762892540;red
EUW1_5762896913;blue
EUW1_5762898090;blue
EUW1_5762898514;red
EUW1_5762901623;blue
EUW1_5762907249;blue
EUW1_5762916321;red
EUW1_5762916951;blue
EUW1_5762917782;red
EUW1_5762920854;blue
EUW1_5762923701;blue
EUW1_5762927096;red
EUW1_5762937474;blue
EUW1_5762938415;blue
EUW1_5762938639;blue
EUW1_5762938688;red
EUW1_5762941997;blue
EUW1_5762946167;red
EUW1_5762958060;blue
EUW1_5762959944;blue
EUW1_5762962577;red
EUW1_5762964052;blue
EUW1_5762964288;red
EUW1_5762965356;blue
EUW1_5762965696;red
EUW1_5762976478;red
EUW1_5762978272;red
EUW1_5762980429;red
EUW1_5762983808;red
EUW1_5762990807;red
EUW1_5762996031;red
EUW1_5762998837;red
EUW1_5762999176;red
EUW1_5762999901;red
EUW1_5763001515;blue
EUW1_5763002238;red
EUW1_5763003591;blue
EUW1_5763004171;red
EUW1_5763007248;red
EUW1_5763008711;blue
EUW1_5763011631;blue
EUW1_5763015099;red
EUW1_5763017267;blue
EUW1_5763026976;red
EUW1_5763035246;red
EUW1_5763040452;blue
EUW1_5763049930;blue
EUW1_5763053618;red
EUW1_5763054821;blue
EUW1_5763055882;red
EUW1_5763058066;blue
EUW1_5763060921;red
EUW1_5763062733;blue
EUW1_5763063575;blue
EUW1_5763067403;red
EUW1_5763072147;blue
EUW1_5763082627;blue
EUW1_5763085159;blue
EUW1_5763086843;red
EUW1_5763087936;blue
EUW1_5763089654;red
EUW1_5763090564;red
EUW1_5763090959;blue
EUW1_5763092695;red
EUW1_5763093041;red
EUW1_5763107986;blue
EUW1_5763125621;blue
EUW1_5763133845;red
EUW1_5763134884;red
EUW1_5763135615;blue
EUW1_5763139430;red
EUW1_5763142423;blue
EUW1_5763143411;blue
EUW1_5763146164;blue
EUW1_5763151748;blue
EUW1_5763156220;blue
EUW1_5763159872;red
EUW1_5763174367;red
EUW1_5763178728;red
EUW1_5763188287;red
EUW1_5763194191;blue
EUW1_5763195067;red
EUW1_5763197908;blue
EUW1_5763201069;red
EUW1_5763207210;blue
EUW1_5763214829;red
EUW1_5763226965;blue
EUW1_5763235314;red
EUW1_5763240388;red
EUW1_5763243555;red
EUW1_5763246818;red
EUW1_5763248599;red
EUW1_5763250754;blue
EUW1_5763261439;blue
EUW1_5763267582;blue
EUW1_5763271798;blue
EUW1_5763272694;red
EUW1_5763278818;blue
EUW1_5763284678;blue
EUW1_5763292620;red
EUW1_5763293467;blue
EUW1_5763302073;blue
EUW1_5763304441;red
EUW1_5763304917;blue
EUW1_5763307667;blue
EUW1_5763310267;blue
EUW1_5763318526;red
EUW1_5763322420;red
EUW1_5763324006;red
EUW1_5763325310;blue
EUW1_5763328226;red
EUW1_5763330380;blue
EUW1_5763331741;red
EUW1_5763333874;blue
EUW1_5763336900;blue
EUW1_5763338619;red
EUW1_5763346351;red
EUW1_5763354191;red
EUW1_5763356297;red
EUW1_5763362484;blue
EUW1_5763376594;blue
EUW1_5763379957;red
EUW1_5763389864;red
EUW1_5763392762;blue
EUW1_5763394150;red
EUW1_5763403718;blue
EUW1_5763410685;blue
EUW1_5763415240;blue
EUW1_5763419144;blue
EUW1_5763421974;blue
EUW1_5763425098;red
EUW1_5763427727;blue
EUW1_5763443420;blue
EUW1_5763445426;blue
EUW1_5763448788;blue
EUW1_5763457527;blue
EUW1_5763459256;red
EUW1_5763469718;blue
EUW1_5763470769;red
EUW1_5763477793;red
EUW1_5763480057;red
EUW1_5763482707;red
EUW1_5763502895;red
EUW1_5763505214;red
EUW1_5763511765;red
EUW1_5763515235;red
EUW1_5763516088;red
EUW1_5763683715;blue
EUW1_5763689240;red
EUW1_5763728180;red
EUW1_5763728549;blue
EUW1_5763745631;blue
EUW1_5763753356;blue
EUW1_5763764366;blue
EUW1_5763773551;red
EUW1_5763775537;blue
EUW1_5763780708;blue
EUW1_5763782726;red
EUW1_5763804426;blue
EUW1_5763805802;red
EUW1_5763809363;red
EUW1_5763816031;red
EUW1_5763817242;red
EUW1_5763819470;blue
EUW1_5763825241;red
EUW1_5763826481;blue
EUW1_5763830450;blue
EUW1_5763960992;red
EUW1_5763962090;red
EUW1_5763971289;red
EUW1_5763971365;blue
EUW1_5763973704;red
EUW1_5763977173;red
EUW1_5763981226;red
EUW1_5763991550;red
EUW1_5763992029;blue
EUW1_5764001060;blue
EUW1_5764003765;blue
EUW1_5764023152;blue
EUW1_5764033877;red
EUW1_5764041813;red
EUW1_5764043102;blue
EUW1_5764044176;blue
